list-none-m,1,1000,1,3000,3615831,1205,0
list-none-s,1,1000,1,3000,3706740,1235,0
list-none-m,1,1000,1,3000,3581283,1193,0
list-none-m,2,1000,1,6000,16568622,2761,0
list-none-s,1,1000,1,3000,3510591,1170,0
list-none-m,1,1000,1,3000,3720127,1240,0
list-none-s,1,1000,1,3000,3452398,1150,0
list-none-m,1,1000,1,3000,4102288,1367,37
list-none-m,2,1000,1,6000,26905238,4484,4473
list-none-m,4,1000,1,12000,90050152,7504,21578
list-none-m,8,1000,1,24000,425387582,17724,122131
list-none-m,12,1000,1,36000,1146142996,31837,329974
list-none-m,16,1000,1,48000,2124675896,44264,614224
list-none-m,24,1000,1,72000,4694863295,65206,1383604
list-none-s,1,1000,1,3000,3915036,1305,0
list-none-s,2,1000,1,6000,15605788,2600,0
list-none-s,4,1000,1,12000,75902383,6325,0
list-none-s,8,1000,1,24000,234885358,9786,0
list-none-s,12,1000,1,36000,661566686,18376,0
list-none-s,16,1000,1,48000,1480139914,30836,0
list-none-s,24,1000,1,72000,6647801820,92330,0
list-none-m,1,1000,1,3000,4254388,1418,36
list-none-m,2,1000,1,6000,26000804,4333,4327
list-none-m,4,1000,1,12000,93080018,7756,23117
list-none-m,8,1000,1,24000,417855031,17410,120895
list-none-m,16,1000,1,48000,1896774001,39516,562962
list-none-m,24,1000,1,72000,4575734311,63551,1342157
list-id-none,1,1,4,3,138980,46326
list-id-none,1,2,4,6,137007,22834
list-id-none,1,4,4,12,139338,11611
list-id-none,1,8,4,24,146789,6116
list-id-none,1,16,4,48,158818,3308
list-id-none,4,1,4,12,224280,18690
list-id-none,4,2,4,24,276388,11516
list-id-none,8,1,4,24,451573,18815
list-id-none,8,2,4,48,375167,7815
list-id-none,12,1,4,36,502582,13960
list-id-none,12,2,4,72,495489,6881
list-id-none,16,1,4,48,646907,13477
list-id-none,16,2,4,96,637209,6637
list-id-m,1,10,4,30,150362,5012,80
list-id-m,1,20,4,60,178628,2977,57
list-id-m,1,40,4,120,195102,1625,49
list-id-m,1,80,4,240,276829,1153,41
list-id-m,4,10,4,120,297288,2477,1888
list-id-m,4,20,4,240,386934,1612,1616
list-id-m,4,40,4,480,626201,1304,1827
list-id-m,4,80,4,960,1013307,1055,1511
list-id-m,8,10,4,240,475523,1981,3966
list-id-m,8,20,4,480,608821,1268,3509
list-id-m,8,40,4,960,1140979,1188,4511
list-id-m,8,80,4,1920,2322884,1209,5260
list-id-m,12,10,4,360,719631,1998,8580
list-id-m,12,20,4,720,921222,1279,7169
list-id-m,12,40,4,1440,1803198,1252,8834
list-id-m,12,80,4,2880,3406126,1182,8860
list-id-m,16,10,4,480,796437,1659,4482
list-id-m,16,20,4,960,1312213,1366,9454
list-id-m,16,40,4,1920,2442124,1271,13037
list-id-m,16,80,4,3840,4901885,1276,14610
list-id-s,1,10,4,30,122641,4088,0
list-id-s,1,20,4,60,137101,2285,0
list-id-s,1,40,4,120,203884,1699,0
list-id-s,1,80,4,240,268976,1120,0
list-id-s,4,10,4,120,240032,2000,0
list-id-s,4,20,4,240,314237,1309,0
list-id-s,4,40,4,480,385742,803,0
list-id-s,4,80,4,960,753500,784,0
list-id-s,8,10,4,240,422768,1761,0
list-id-s,8,20,4,480,517319,1077,0
list-id-s,8,40,4,960,812933,846,0
list-id-s,8,80,4,1920,1722544,897,0
list-id-s,12,10,4,360,627601,1743,0
list-id-s,12,20,4,720,592307,822,0
list-id-s,12,40,4,1440,1303506,905,0
list-id-s,12,80,4,2880,2934513,1018,0
list-id-s,16,10,4,480,646719,1347,0
list-id-s,16,20,4,960,830524,865,0
list-id-s,16,40,4,1920,1989575,1036,0
list-id-s,16,80,4,3840,5109153,1330,0
list-none-m,1,1000,1,3000,4145124,1381,36
list-none-m,1,1000,4,3000,1408530,469,36
list-none-m,1,1000,8,3000,993404,331,40
list-none-m,1,1000,16,3000,797383,265,37
list-none-m,2,1000,1,6000,30784377,5130,5129
list-none-m,2,1000,4,6000,9987298,1664,978
list-none-m,2,1000,8,6000,5457121,909,405
list-none-m,2,1000,16,6000,3443734,573,228
list-none-m,4,1000,1,12000,98054947,8171,23506
list-none-m,4,1000,4,12000,20314322,1692,3291
list-none-m,4,1000,8,12000,11359111,946,1377
list-none-m,4,1000,16,12000,6824617,568,611
list-none-m,8,1000,1,24000,435372558,18140,124892
list-none-m,8,1000,4,24000,58204277,2425,12780
list-none-m,8,1000,8,24000,23978932,999,4135
list-none-m,8,1000,16,24000,12919231,538,1676
list-none-m,12,1000,1,36000,1127495970,31319,330327
list-none-m,12,1000,4,36000,122156373,3393,30227
list-none-m,12,1000,8,36000,47487619,1319,9630
list-none-m,12,1000,16,36000,20955509,582,3497
list-none-s,1,1000,1,3000,3879047,1293,0
list-none-s,1,1000,4,3000,1217186,405,0
list-none-s,1,1000,8,3000,812469,270,0
list-none-s,1,1000,16,3000,534069,178,0
list-none-s,4,1000,1,12000,105869848,8822,0
list-none-s,4,1000,4,12000,24665915,2055,0
list-none-s,4,1000,8,12000,12924473,1077,0
list-none-s,4,1000,16,12000,6230163,519,0
list-none-s,8,1000,1,24000,430103847,17920,0
list-none-s,8,1000,4,24000,48476696,2019,0
list-none-s,8,1000,8,24000,19556992,814,0
list-none-s,8,1000,16,24000,9712109,404,0
list-none-s,12,1000,1,36000,512318994,14231,0
list-none-s,12,1000,4,36000,99858955,2773,0
list-none-s,12,1000,8,36000,36546255,1015,0
list-none-s,12,1000,16,36000,16120731,447,0
list-none-m,1,1000,1,3000,4111192,1370,38
list-none-m,2,1000,1,6000,25638222,4273,4242
list-none-m,4,1000,1,12000,125213572,10434,29651
list-none-m,8,1000,1,24000,479354422,19973,133799
list-none-m,12,1000,1,36000,1250593792,34738,358480
list-none-m,16,1000,1,48000,2335728027,48661,702350
list-none-m,24,1000,1,72000,5541140945,76960,1596579
list-none-s,1,1000,1,3000,3886924,1295,0
list-none-s,2,1000,1,6000,11942055,1990,0
list-none-s,4,1000,1,12000,77369073,6447,0
list-none-s,8,1000,1,24000,294155040,12256,0
list-none-s,12,1000,1,36000,999779590,27771,0
list-none-s,16,1000,1,48000,2158182095,44962,0
list-none-s,24,1000,1,72000,3970144401,55140,0
list-none-m,1,1000,1,3000,4155568,1385,38
list-none-m,2,1000,1,6000,26122577,4353,4353
list-none-m,4,1000,1,12000,95140439,7928,23405
list-none-m,8,1000,1,24000,484430970,20184,134726
list-none-m,16,1000,1,48000,2250298753,46881,629963
list-none-m,24,1000,1,72000,6011691363,83495,1726876
list-id-none,1,1,4,3,156903,52301
list-id-none,1,2,4,6,147585,24597
list-id-none,1,4,4,12,150612,12551
list-id-none,1,8,4,24,167683,6986
list-id-none,1,16,4,48,168309,3506
list-id-none,4,1,4,12,271823,22651
list-id-none,4,2,4,24,310566,12940
list-id-none,4,4,4,48,229426,4779
list-id-none,4,8,4,96,267627,2787
list-id-none,8,1,4,24,508008,21167
list-id-none,12,1,4,36,680427,18900
list-id-none,12,4,4,144,566804,3936
list-id-none,16,4,4,192,847495,4414
list-id-m,1,10,4,30,198184,6606,159
list-id-m,1,20,4,60,203081,3384,97
list-id-m,1,40,4,120,253665,2113,66
list-id-m,1,80,4,240,345704,1440,54
list-id-m,4,10,4,120,297116,2475,1318
list-id-m,4,20,4,240,382044,1591,924
list-id-m,4,40,4,480,949332,1977,2856
list-id-m,4,80,4,960,1883456,1961,3292
list-id-m,8,10,4,240,672911,2803,78
list-id-m,8,20,4,480,1164312,2425,8962
list-id-m,8,40,4,960,1878659,1956,8256
list-id-m,8,80,4,1920,3793680,1975,9132
list-id-m,12,10,4,360,791615,2198,3556
list-id-m,12,20,4,720,1511404,2099,12322
list-id-m,12,40,4,1440,3208854,2228,17265
list-id-m,12,80,4,2880,5930290,2059,15702
list-id-m,16,10,4,480,1288524,2684,90
list-id-m,16,20,4,960,1348316,1404,51
list-id-m,16,40,4,1920,3329482,1734,13066
list-id-m,16,80,4,3840,9762108,2542,22565
list-id-s,1,10,4,30,188137,6271,0
list-id-s,1,20,4,60,230098,3834,0
list-id-s,1,40,4,120,253323,2111,0
list-id-s,1,80,4,240,345083,1437,0
list-id-s,4,10,4,120,301842,2515,0
list-id-s,4,20,4,240,330769,1378,0
list-id-s,4,40,4,480,397736,828,0
list-id-s,4,80,4,960,800897,834,0
list-id-s,8,10,4,240,480749,2003,0
list-id-s,8,20,4,480,631533,1315,0
list-id-s,8,40,4,960,1088987,1134,0
list-id-s,8,80,4,1920,1761672,917,0
list-id-s,12,10,4,360,1026888,2852,0
list-id-s,12,20,4,720,1018048,1413,0
list-id-s,12,40,4,1440,1148512,797,0
list-id-s,12,80,4,2880,2771508,962,0
list-id-s,16,10,4,480,1333272,2777,0
list-id-s,16,20,4,960,1111481,1157,0
list-id-s,16,40,4,1920,2438993,1270,0
list-id-s,16,80,4,3840,5183236,1349,0
list-none-m,1,1000,1,3000,7104159,2368,52
list-none-m,1,1000,4,3000,2315644,771,48
list-none-m,1,1000,8,3000,1518571,506,48
list-none-m,1,1000,16,3000,1167460,389,53
list-none-m,2,1000,1,6000,39670240,6611,6622
list-none-m,2,1000,4,6000,7746650,1291,772
list-none-m,2,1000,8,6000,6368812,1061,455
list-none-m,2,1000,16,6000,3865485,644,278
list-none-m,4,1000,1,12000,152451379,12704,37108
list-none-m,4,1000,4,12000,26753067,2229,4118
list-none-m,4,1000,8,12000,13781130,1148,1583
list-none-m,4,1000,16,12000,7701965,641,704
list-none-m,8,1000,1,24000,625093789,26045,171840
list-none-m,8,1000,4,24000,78748451,3281,17075
list-none-m,8,1000,8,24000,31392785,1308,5331
list-none-m,8,1000,16,24000,15545159,647,2084
list-none-m,12,1000,1,36000,1579168410,43865,452184
list-none-m,12,1000,4,36000,189620980,5267,47864
list-none-m,12,1000,8,36000,70850496,1968,15026
list-none-m,12,1000,16,36000,30918675,858,5398
list-none-s,1,1000,1,3000,7754382,2584,0
list-none-s,1,1000,4,3000,1238624,412,0
list-none-s,1,1000,8,3000,745187,248,0
list-none-s,1,1000,16,3000,498193,166,0
list-none-s,4,1000,1,12000,114514508,9542,0
list-none-s,4,1000,4,12000,23627932,1968,0
list-none-s,4,1000,8,12000,12077668,1006,0
list-none-s,4,1000,16,12000,5411203,450,0
list-none-s,8,1000,1,24000,657137638,27380,0
list-none-s,8,1000,4,24000,62753391,2614,0
list-none-s,8,1000,8,24000,24444327,1018,0
list-none-s,8,1000,16,24000,10980849,457,0
list-none-s,12,1000,1,36000,1097092394,30474,0
list-none-s,12,1000,4,36000,124830306,3467,0
list-none-s,12,1000,8,36000,49042274,1362,0
list-none-s,12,1000,16,36000,19786290,549,0
list-none-m,1,1000,1,3000,5389104,1796,48
list-none-m,2,1000,1,6000,30966693,5161,4953
list-none-m,4,1000,1,12000,133318052,11109,30858
list-none-m,8,1000,1,24000,638858091,26619,179963
list-none-m,12,1000,1,36000,1416111563,39336,382583
list-none-m,16,1000,1,48000,2815208986,58650,819161
list-none-m,24,1000,1,72000,5068394269,70394,1468740
list-none-s,1,1000,1,3000,3869704,1289,0
list-none-s,2,1000,1,6000,18514113,3085,0
list-none-s,4,1000,1,12000,103908410,8659,0
list-none-s,8,1000,1,24000,674228365,28092,0
list-none-s,12,1000,1,36000,756288693,21008,0
list-none-s,16,1000,1,48000,3284516071,68427,0
list-none-s,24,1000,1,72000,8922234919,123919,0
list-none-m,1,1000,1,3000,4097795,1365,37
list-none-m,2,1000,1,6000,32363285,5393,5268
list-none-m,4,1000,1,12000,155137740,12928,36901
list-none-m,8,1000,1,24000,530614194,22108,139014
list-none-m,16,1000,1,48000,2434875760,50726,719013
list-none-m,1,1000,1,3000,4124881,1374,36
list-none-m,2,1000,1,6000,25927816,4321,4315
list-none-m,4,1000,1,12000,89240326,7436,21151
list-none-m,8,1000,1,24000,400198045,16674,109181
list-none-m,12,1000,1,36000,1117596608,31044,329796
list-none-m,16,1000,1,48000,1763828023,36746,499703
list-none-m,24,1000,1,72000,4959542065,68882,1429554
list-none-s,1,1000,1,3000,3928924,1309,0
list-none-s,2,1000,1,6000,10081893,1680,0
list-none-s,4,1000,1,12000,61408579,5117,0
list-none-s,8,1000,1,24000,322343516,13430,0
list-none-s,12,1000,1,36000,1170983527,32527,0
list-none-s,16,1000,1,48000,996782635,20766,0
list-none-s,24,1000,1,72000,5482759427,76149,0
list-none-m,1,1000,1,3000,4125858,1375,37
list-none-m,2,1000,1,6000,25357652,4226,4217
list-none-m,4,1000,1,12000,102475142,8539,24187
list-none-m,8,1000,1,24000,411061889,17127,116880
list-none-m,16,1000,1,48000,2147489013,44739,630291
list-none-m,24,1000,1,72000,4514971144,62707,1328479
list-id-none,1,1,4,3,151565,50521
list-id-none,1,2,4,6,128280,21380
list-id-none,1,4,4,12,119509,9959
list-id-none,1,8,4,24,127777,5324
list-id-none,1,16,4,48,139673,2909
list-id-none,4,1,4,12,183529,15294
list-id-none,4,8,4,96,245887,2561
list-id-none,8,1,4,24,342447,14268
list-id-none,12,1,4,36,492859,13690
list-id-none,12,2,4,72,503152,6988
list-id-none,16,1,4,48,712899,14852
list-id-none,16,4,4,192,602254,3136
list-id-m,1,10,4,30,109240,3641,85
list-id-m,1,20,4,60,132337,2205,57
list-id-m,1,40,4,120,197941,1649,47
list-id-m,1,80,4,240,289140,1204,41
list-id-m,4,10,4,120,276278,2302,1114
list-id-m,4,20,4,240,338555,1410,1411
list-id-m,4,40,4,480,637364,1327,1819
list-id-m,4,80,4,960,1064987,1109,1777
list-id-m,8,10,4,240,468779,1953,4881
list-id-m,8,20,4,480,620522,1292,3196
list-id-m,8,40,4,960,1071959,1116,4351
list-id-m,8,80,4,1920,2250250,1172,5252
list-id-m,12,10,4,360,546953,1519,245
list-id-m,12,20,4,720,937594,1302,5954
list-id-m,12,40,4,1440,1760956,1222,8234
list-id-m,12,80,4,2880,3331508,1156,8662
list-id-m,16,10,4,480,785977,1637,1641
list-id-m,16,20,4,960,1207811,1258,5886
list-id-m,16,40,4,1920,2439966,1270,12180
list-id-m,16,80,4,3840,4871102,1268,14309
list-id-s,1,10,4,30,138611,4620,0
list-id-s,1,20,4,60,163702,2728,0
list-id-s,1,40,4,120,195186,1626,0
list-id-s,1,80,4,240,274036,1141,0
list-id-s,4,10,4,120,257526,2146,0
list-id-s,4,20,4,240,241223,1005,0
list-id-s,4,40,4,480,416878,868,0
list-id-s,4,80,4,960,690526,719,0
list-id-s,8,10,4,240,432435,1801,0
list-id-s,8,20,4,480,475907,991,0
list-id-s,8,40,4,960,789483,822,0
list-id-s,8,80,4,1920,1743976,908,0
list-id-s,12,10,4,360,491380,1364,0
list-id-s,12,20,4,720,679092,943,0
list-id-s,12,40,4,1440,1250275,868,0
list-id-s,12,80,4,2880,2989718,1038,0
list-id-s,16,10,4,480,686371,1429,0
list-id-s,16,20,4,960,787189,819,0
list-id-s,16,40,4,1920,2093590,1090,0
list-id-s,16,80,4,3840,4994078,1300,0
list-none-m,1,1000,1,3000,4113468,1371,36
list-none-m,1,1000,4,3000,1454453,484,40
list-none-m,1,1000,8,3000,949396,316,38
list-none-m,1,1000,16,3000,777272,259,44
list-none-m,2,1000,1,6000,25911637,4318,4291
list-none-m,2,1000,4,6000,6246508,1041,611
list-none-m,2,1000,8,6000,6606507,1101,483
list-none-m,2,1000,16,6000,4093170,682,261
list-none-m,4,1000,1,12000,95510554,7959,23103
list-none-m,4,1000,4,12000,21078113,1756,3346
list-none-m,4,1000,8,12000,10682640,890,1247
list-none-m,4,1000,16,12000,6881469,573,641
list-none-m,8,1000,1,24000,416220764,17342,116782
list-none-m,8,1000,4,24000,56871100,2369,12486
list-none-m,8,1000,8,24000,24370169,1015,4210
list-none-m,8,1000,16,24000,12287688,511,1679
list-none-m,12,1000,1,36000,1094707963,30408,323507
list-none-m,12,1000,4,36000,127027070,3528,31489
list-none-m,12,1000,8,36000,48547243,1348,9834
list-none-m,12,1000,16,36000,22149654,615,3610
list-none-s,1,1000,1,3000,3914311,1304,0
list-none-s,1,1000,4,3000,1187804,395,0
list-none-s,1,1000,8,3000,720560,240,0
list-none-s,1,1000,16,3000,550000,183,0
list-none-s,4,1000,1,12000,108182390,9015,0
list-none-s,4,1000,4,12000,24417798,2034,0
list-none-s,4,1000,8,12000,12987872,1082,0
list-none-s,4,1000,16,12000,6533986,544,0
list-none-s,8,1000,1,24000,232301229,9679,0
list-none-s,8,1000,4,24000,49839101,2076,0
list-none-s,8,1000,8,24000,19357119,806,0
list-none-s,8,1000,16,24000,9479163,394,0
list-none-s,12,1000,1,36000,563633339,15656,0
list-none-s,12,1000,4,36000,103238793,2867,0
list-none-s,12,1000,8,36000,36919126,1025,0
list-none-s,12,1000,16,36000,16012480,444,0
list-none-m,1,1000,1,3000,10583904,3527,877
list-none-m,2,1000,1,6000,27231356,4538,3674
list-none-m,4,1000,1,12000,123380189,10281,23842
list-none-m,8,1000,1,24000,665679648,27736,190899
list-none-m,12,1000,1,36000,887252132,24645,234950
list-none-m,16,1000,1,48000,2041539396,42532,590704
list-none-m,24,1000,1,72000,4838713390,67204,1356052
list-none-s,1,1000,1,3000,3932851,1310,0
list-none-s,2,1000,1,6000,22010324,3668,0
list-none-s,4,1000,1,12000,87389102,7282,0
list-none-s,8,1000,1,24000,520639017,21693,0
list-none-s,12,1000,1,36000,1025248605,28479,0
list-none-s,16,1000,1,48000,2042125809,42544,0
list-none-s,24,1000,1,72000,8314581033,115480,0
list-none-m,1,1000,1,3000,11268747,3756,1029
list-none-m,2,1000,1,6000,53080837,8846,9124
list-none-m,4,1000,1,12000,166615274,13884,39802
list-none-m,8,1000,1,24000,481794083,20074,135872
list-none-m,16,1000,1,48000,2373492691,49447,692109
list-none-m,24,1000,1,72000,6071667188,84328,1795326
list-id-none,1,1,4,3,527451,175817
list-id-none,1,2,4,6,104716,17452
list-id-none,1,4,4,12,102097,8508
list-id-none,1,8,4,24,114970,4790
list-id-none,1,16,4,48,128081,2668
list-id-none,4,1,4,12,1129859,94154
list-id-none,4,2,4,24,999347,41639
list-id-none,8,1,4,24,1783629,74317
list-id-none,8,2,4,48,1831531,38156
list-id-none,8,4,4,96,1647868,17165
list-id-none,12,1,4,36,2234876,62079
list-id-none,12,2,4,72,1885013,26180
list-id-none,12,4,4,144,1755258,12189
list-id-none,16,1,4,48,2580386,53758
list-id-none,16,2,4,96,2115827,22039
list-id-none,16,4,4,192,3593944,18718
list-id-m,1,10,4,30,380322,12677,270
list-id-m,1,20,4,60,940681,15678,993
list-id-m,1,40,4,120,1398814,11656,967
list-id-m,1,80,4,240,2149219,8955,957
list-id-m,4,10,4,120,800239,6668,1579
list-id-m,4,20,4,240,1473716,6140,7583
list-id-m,4,40,4,480,4196427,8742,14331
list-id-m,4,80,4,960,4200228,4375,5775
list-id-m,8,10,4,240,1755266,7313,21047
list-id-m,8,20,4,480,1737100,3618,8547
list-id-m,8,40,4,960,4855351,5057,15484
list-id-m,8,80,4,1920,11247155,5857,22319
list-id-m,12,10,4,360,5357671,14882,69285
list-id-m,12,20,4,720,3814630,5298,32323
list-id-m,12,40,4,1440,7280560,5055,29087
list-id-m,12,80,4,2880,11733002,4073,29384
list-id-m,16,10,4,480,2581008,5377,38495
list-id-m,16,20,4,960,3990491,4156,34400
list-id-m,16,40,4,1920,8051277,4193,40310
list-id-m,16,80,4,3840,14969842,3898,42180
list-id-s,1,10,4,30,121465,4048,0
list-id-s,1,20,4,60,137322,2288,0
list-id-s,1,40,4,120,175851,1465,0
list-id-s,1,80,4,240,257611,1073,0
list-id-s,4,10,4,120,604223,5035,0
list-id-s,4,20,4,240,882004,3675,0
list-id-s,4,40,4,480,922090,1921,0
list-id-s,4,80,4,960,1850599,1927,0
list-id-s,8,10,4,240,698828,2911,0
list-id-s,8,20,4,480,1532033,3191,0
list-id-s,8,40,4,960,1606035,1672,0
list-id-s,8,80,4,1920,3507974,1827,0
list-id-s,12,10,4,360,733401,2037,0
list-id-s,12,20,4,720,26318254,36553,0
list-id-s,12,40,4,1440,25573773,17759,0
list-id-s,12,80,4,2880,4303392,1494,0
list-id-s,16,10,4,480,1067078,2223,0
list-id-s,16,20,4,960,1518261,1581,0
list-id-s,16,40,4,1920,204589115,106556,0
list-id-s,16,80,4,3840,276035736,71884,0
list-none-m,1,1000,1,3000,12125602,4041,1115
list-none-m,1,1000,4,3000,6153623,2051,718
list-none-m,1,1000,8,3000,7227234,2409,970
list-none-m,1,1000,16,3000,5324271,1774,701
list-none-m,2,1000,1,6000,25619717,4269,3007
list-none-m,2,1000,4,6000,17828091,2971,2291
list-none-m,2,1000,8,6000,15719720,2619,2088
list-none-m,2,1000,16,6000,11919512,1986,1597
list-none-m,4,1000,1,12000,113291227,9440,25851
list-none-m,4,1000,4,12000,37612005,3134,5547
list-none-m,4,1000,8,12000,17874290,1489,1786
list-none-m,4,1000,16,12000,11692826,974,1006
list-none-m,8,1000,1,24000,411631866,17151,106291
list-none-m,8,1000,4,24000,101814889,4242,21774
list-none-m,8,1000,8,24000,50304335,2096,8765
list-none-m,8,1000,16,24000,25386636,1057,3117
list-none-m,12,1000,1,36000,637151398,17698,160134
list-none-m,12,1000,4,36000,150524838,4181,35831
list-none-m,12,1000,8,36000,53602963,1488,11260
list-none-m,12,1000,16,36000,21411622,594,3494
list-none-s,1,1000,1,3000,3979676,1326,0
list-none-s,1,1000,4,3000,1192586,397,0
list-none-s,1,1000,8,3000,748158,249,0
list-none-s,1,1000,16,3000,543044,181,0
list-none-s,4,1000,1,12000,96481468,8040,0
list-none-s,4,1000,4,12000,21785971,1815,0
list-none-s,4,1000,8,12000,10248408,854,0
list-none-s,4,1000,16,12000,6393166,532,0
list-none-s,8,1000,1,24000,256546858,10689,0
list-none-s,8,1000,4,24000,45994964,1916,0
list-none-s,8,1000,8,24000,19743494,822,0
list-none-s,8,1000,16,24000,9607461,400,0
list-none-s,12,1000,1,36000,1053717523,29269,0
list-none-s,12,1000,4,36000,198280230,5507,0
list-none-s,12,1000,8,36000,79382654,2205,0
list-none-s,12,1000,16,36000,23017552,639,0
list-none-m,1,1000,1,3000,10479677,3493,879
list-none-m,2,1000,1,6000,19073644,3178,1901
list-none-m,4,1000,1,12000,142092847,11841,32840
list-none-m,8,1000,1,24000,405916624,16913,91373
list-none-m,12,1000,1,36000,1030923384,28636,293878
list-none-m,16,1000,1,48000,2035110937,42398,576295
list-none-m,24,1000,1,72000,6123544038,85049,1854568
list-none-s,1,1000,1,3000,8752903,2917,0
list-none-s,2,1000,1,6000,31040274,5173,0
list-none-s,4,1000,1,12000,131711514,10975,0
list-none-s,8,1000,1,24000,326326327,13596,0
list-none-s,12,1000,1,36000,1427827887,39661,0
list-none-s,16,1000,1,48000,2693282800,56110,0
list-none-s,24,1000,1,72000,5585119596,77571,0
list-none-m,1,1000,1,3000,4054793,1351,35
list-none-m,2,1000,1,6000,25694577,4282,4273
list-none-m,4,1000,1,12000,95308345,7942,23030
list-none-m,8,1000,1,24000,421194036,17549,119722
list-none-m,16,1000,1,48000,1998686543,41639,582369
list-none-m,24,1000,1,72000,4872566206,67674,1410277
list-id-none,1,1,4,3,131199,43733
list-id-none,1,2,4,6,128632,21438
list-id-none,1,4,4,12,119562,9963
list-id-none,1,8,4,24,140687,5861
list-id-none,1,16,4,48,176771,3682
list-id-none,4,1,4,12,247257,20604
list-id-none,4,2,4,24,250896,10454
list-id-none,4,4,4,48,268942,5602
list-id-none,4,8,4,96,274801,2862
list-id-none,8,1,4,24,403880,16828
list-id-none,8,2,4,48,386443,8050
list-id-none,8,4,4,96,332530,3463
list-id-none,12,1,4,36,468780,13021
list-id-none,12,2,4,72,520065,7223
list-id-none,12,4,4,144,502766,3491
list-id-none,16,1,4,48,627582,13074
list-id-none,16,2,4,96,639746,6664
list-id-none,16,8,4,384,704732,1835
list-id-m,1,10,4,30,120725,4024,86
list-id-m,1,20,4,60,169593,2826,59
list-id-m,1,40,4,120,233380,1944,46
list-id-m,1,80,4,240,293604,1223,40
list-id-m,4,10,4,120,346380,2886,2052
list-id-m,4,20,4,240,375509,1564,1409
list-id-m,4,40,4,480,650235,1354,1560
list-id-m,4,80,4,960,1046727,1090,1651
list-id-m,8,10,4,240,434195,1809,1380
list-id-m,8,20,4,480,720069,1500,4867
list-id-m,8,40,4,960,1196399,1246,4903
list-id-m,8,80,4,1920,2410254,1255,5556
list-id-m,12,10,4,360,750276,2084,8729
list-id-m,12,20,4,720,988493,1372,7339
list-id-m,12,40,4,1440,1842528,1279,8826
list-id-m,12,80,4,2880,3694100,1282,9871
list-id-m,16,10,4,480,809008,1685,1563
list-id-m,16,20,4,960,1305415,1359,10661
list-id-m,16,40,4,1920,2426882,1264,12889
list-id-m,16,80,4,3840,4893264,1274,14469
list-id-s,1,10,4,30,112697,3756,0
list-id-s,1,20,4,60,133975,2232,0
list-id-s,1,40,4,120,198942,1657,0
list-id-s,1,80,4,240,281083,1171,0
list-id-s,4,10,4,120,224221,1868,0
list-id-s,4,20,4,240,290037,1208,0
list-id-s,4,40,4,480,412889,860,0
list-id-s,4,80,4,960,766428,798,0
list-id-s,8,10,4,240,376130,1567,0
list-id-s,8,20,4,480,529936,1104,0
list-id-s,8,40,4,960,817495,851,0
list-id-s,8,80,4,1920,1694602,882,0
list-id-s,12,10,4,360,570430,1584,0
list-id-s,12,20,4,720,632825,878,0
list-id-s,12,40,4,1440,1281992,890,0
list-id-s,12,80,4,2880,3073573,1067,0
list-id-s,16,10,4,480,674852,1405,0
list-id-s,16,20,4,960,806705,840,0
list-id-s,16,40,4,1920,2066169,1076,0
list-id-s,16,80,4,3840,5164741,1344,0
list-none-m,1,1000,1,3000,4096951,1365,35
list-none-m,1,1000,4,3000,1490459,496,41
list-none-m,1,1000,8,3000,941506,313,35
list-none-m,1,1000,16,3000,787849,262,36
list-none-m,2,1000,1,6000,22788269,3798,3791
list-none-m,2,1000,4,6000,9860497,1643,919
list-none-m,2,1000,8,6000,6474368,1079,507
list-none-m,2,1000,16,6000,4245865,707,266
list-none-m,4,1000,1,12000,94505836,7875,23073
list-none-m,4,1000,4,12000,20664016,1722,3376
list-none-m,4,1000,8,12000,11690294,974,1421
list-none-m,4,1000,16,12000,6917136,576,665
list-none-m,8,1000,1,24000,389211787,16217,110344
list-none-m,8,1000,4,24000,59471606,2477,12902
list-none-m,8,1000,8,24000,25300391,1054,4377
list-none-m,8,1000,16,24000,12490846,520,1729
list-none-m,12,1000,1,36000,1080259429,30007,308685
list-none-m,12,1000,4,36000,119819264,3328,29607
list-none-m,12,1000,8,36000,48554131,1348,9895
list-none-m,12,1000,16,36000,21117267,586,3563
list-none-s,1,1000,1,3000,3882686,1294,0
list-none-s,1,1000,4,3000,1241615,413,0
list-none-s,1,1000,8,3000,782695,260,0
list-none-s,1,1000,16,3000,562549,187,0
list-none-s,4,1000,1,12000,107306159,8942,0
list-none-s,4,1000,4,12000,25005427,2083,0
list-none-s,4,1000,8,12000,12220936,1018,0
list-none-s,4,1000,16,12000,6348480,529,0
list-none-s,8,1000,1,24000,327537546,13647,0
list-none-s,8,1000,4,24000,47870852,1994,0
list-none-s,8,1000,8,24000,19525010,813,0
list-none-s,8,1000,16,24000,9667101,402,0
list-none-s,12,1000,1,36000,722667061,20074,0
list-none-s,12,1000,4,36000,99462712,2762,0
list-none-s,12,1000,8,36000,36153491,1004,0
list-none-s,12,1000,16,36000,16058812,446,0
list-none-m,1,1000,1,3000,4093341,1364,37
list-none-m,2,1000,1,6000,25974125,4329,4314
list-none-m,4,1000,1,12000,89096668,7424,22091
list-none-m,8,1000,1,24000,490853991,20452,141280
list-none-m,12,1000,1,36000,1204791644,33466,358201
list-none-m,16,1000,1,48000,2169631643,45200,648178
list-none-m,24,1000,1,72000,5011545581,69604,1472466
list-none-s,1,1000,1,3000,4840272,1613,0
list-none-s,2,1000,1,6000,23869245,3978,0
list-none-s,4,1000,1,12000,89688586,7474,0
list-none-s,8,1000,1,24000,449800373,18741,0
list-none-s,12,1000,1,36000,485219608,13478,0
list-none-s,16,1000,1,48000,1148580010,23928,0
list-none-s,24,1000,1,72000,3580412540,49727,0
list-none-m,1,1000,1,3000,4085046,1361,39
list-none-m,2,1000,1,6000,22905690,3817,3816
list-none-m,4,1000,1,12000,89934742,7494,22031
list-none-m,8,1000,1,24000,396975568,16540,113143
list-none-m,16,1000,1,48000,2188215190,45587,637055
list-none-m,24,1000,1,72000,4622712070,64204,1313913
list-id-none,1,1,4,3,144229,48076
list-id-none,1,2,4,6,140055,23342
list-id-none,1,4,4,12,132759,11063
list-id-none,1,8,4,24,114796,4783
list-id-none,1,16,4,48,156163,3253
list-id-none,4,1,4,12,228435,19036
list-id-none,4,4,4,48,245586,5116
list-id-none,8,1,4,24,398000,16583
list-id-none,8,2,4,48,405725,8452
list-id-none,8,8,4,192,425936,2218
list-id-none,12,1,4,36,537337,14926
list-id-none,12,2,4,72,553329,7685
list-id-none,12,8,4,288,460344,1598
list-id-none,16,1,4,48,582982,12145
list-id-none,16,2,4,96,622833,6487
list-id-none,16,4,4,192,604051,3146
list-id-m,1,10,4,30,147346,4911,86
list-id-m,1,20,4,60,171275,2854,58
list-id-m,1,40,4,120,207661,1730,47
list-id-m,1,80,4,240,296565,1235,42
list-id-m,4,10,4,120,281564,2346,1100
list-id-m,4,20,4,240,352599,1469,1358
list-id-m,4,40,4,480,580652,1209,1600
list-id-m,4,80,4,960,1054602,1098,1784
list-id-m,8,10,4,240,508984,2120,2302
list-id-m,8,20,4,480,669578,1394,5021
list-id-m,8,40,4,960,1130305,1177,4410
list-id-m,8,80,4,1920,2188374,1139,5012
list-id-m,12,10,4,360,658500,1829,2175
list-id-m,12,20,4,720,909477,1263,5376
list-id-m,12,40,4,1440,1764138,1225,8313
list-id-m,12,80,4,2880,3550456,1232,9665
list-id-m,16,10,4,480,899087,1873,6459
list-id-m,16,20,4,960,1319055,1374,10517
list-id-m,16,40,4,1920,2492524,1298,13234
list-id-m,16,80,4,3840,4954330,1290,14672
list-id-s,1,10,4,30,151331,5044,0
list-id-s,1,20,4,60,183638,3060,0
list-id-s,1,40,4,120,223577,1863,0
list-id-s,1,80,4,240,309122,1288,0
list-id-s,4,10,4,120,269838,2248,0
list-id-s,4,20,4,240,355072,1479,0
list-id-s,4,40,4,480,477671,995,0
list-id-s,4,80,4,960,758878,790,0
list-id-s,8,10,4,240,483449,2014,0
list-id-s,8,20,4,480,595479,1240,0
list-id-s,8,40,4,960,843824,878,0
list-id-s,8,80,4,1920,1800338,937,0
list-id-s,12,10,4,360,549779,1527,0
list-id-s,12,20,4,720,650394,903,0
list-id-s,12,40,4,1440,1350904,938,0
list-id-s,12,80,4,2880,3179238,1103,0
list-id-s,16,10,4,480,715466,1490,0
list-id-s,16,20,4,960,766664,798,0
list-id-s,16,40,4,1920,1897203,988,0
list-id-s,16,80,4,3840,5583928,1454,0
list-none-m,1,1000,1,3000,4121944,1373,37
list-none-m,1,1000,4,3000,1424659,474,37
list-none-m,1,1000,8,3000,942012,314,37
list-none-m,1,1000,16,3000,740302,246,37
list-none-m,2,1000,1,6000,25872144,4312,4295
list-none-m,2,1000,4,6000,10091380,1681,989
list-none-m,2,1000,8,6000,6230305,1038,453
list-none-m,2,1000,16,6000,4182729,697,278
list-none-m,4,1000,1,12000,90696896,7558,22443
list-none-m,4,1000,4,12000,21335933,1777,3417
list-none-m,4,1000,8,12000,11510993,959,1399
list-none-m,4,1000,16,12000,7001233,583,659
list-none-m,8,1000,1,24000,405298412,16887,114896
list-none-m,8,1000,4,24000,60763048,2531,13272
list-none-m,8,1000,8,24000,24419753,1017,4199
list-none-m,8,1000,16,24000,14219265,592,1819
list-none-m,12,1000,1,36000,1108242709,30784,326750
list-none-m,12,1000,4,36000,122554087,3404,30331
list-none-m,12,1000,8,36000,47002727,1305,9531
list-none-m,12,1000,16,36000,22331429,620,3617
list-none-s,1,1000,1,3000,3892179,1297,0
list-none-s,1,1000,4,3000,1200436,400,0
list-none-s,1,1000,8,3000,745651,248,0
list-none-s,1,1000,16,3000,532239,177,0
list-none-s,4,1000,1,12000,106795764,8899,0
list-none-s,4,1000,4,12000,27967338,2330,0
list-none-s,4,1000,8,12000,11779044,981,0
list-none-s,4,1000,16,12000,6575798,547,0
list-none-s,8,1000,1,24000,458508214,19104,0
list-none-s,8,1000,4,24000,59521857,2480,0
list-none-s,8,1000,8,24000,23301083,970,0
list-none-s,8,1000,16,24000,11493030,478,0
list-none-s,12,1000,1,36000,683121341,18975,0
list-none-s,12,1000,4,36000,127638786,3545,0
list-none-s,12,1000,8,36000,40893264,1135,0
list-none-s,12,1000,16,36000,16961872,471,0
list-none-m,1,1000,1,3000,4162948,1387,38
list-none-m,2,1000,1,6000,23177602,3862,3839
list-none-m,4,1000,1,12000,88004767,7333,21567
list-none-m,8,1000,1,24000,447920966,18663,126772
list-none-m,12,1000,1,36000,1061242505,29478,304076
list-none-m,16,1000,1,48000,2127115086,44314,620620
list-none-m,24,1000,1,72000,5113803343,71025,1487210
list-none-s,1,1000,1,3000,3908690,1302,0
list-none-s,2,1000,1,6000,22963810,3827,0
list-none-s,4,1000,1,12000,67886990,5657,0
list-none-s,8,1000,1,24000,425011584,17708,0
list-none-s,12,1000,1,36000,489491305,13596,0
list-none-s,16,1000,1,48000,1039454961,21655,0
list-none-s,24,1000,1,72000,6844124331,95057,0
list-none-m,1,1000,1,3000,4137491,1379,37
list-none-m,2,1000,1,6000,23518256,3919,3682
list-none-m,4,1000,1,12000,65784811,5482,13561
list-none-m,8,1000,1,24000,362058548,15085,101664
list-none-m,16,1000,1,48000,2219216388,46233,648172
list-none-m,24,1000,1,72000,4730960874,65707,1326653
list-id-none,1,1,4,3,126992,42330
list-id-none,1,2,4,6,107789,17964
list-id-none,1,4,4,12,106973,8914
list-id-none,1,8,4,24,114442,4768
list-id-none,1,16,4,48,131910,2748
list-id-none,4,1,4,12,296369,24697
list-id-none,4,2,4,24,240566,10023
list-id-none,4,4,4,48,243057,5063
list-id-none,4,8,4,96,245081,2552
list-id-none,8,1,4,24,462409,19267
list-id-none,8,2,4,48,433324,9027
list-id-none,8,4,4,96,370282,3857
list-id-none,8,8,4,192,435374,2267
list-id-none,12,1,4,36,507020,14083
list-id-none,12,4,4,144,510364,3544
list-id-none,16,1,4,48,674440,14050
list-id-none,16,2,4,96,639608,6662
list-id-none,16,4,4,192,514184,2678
list-id-m,1,10,4,30,153769,5125,123
list-id-m,1,20,4,60,175384,2923,86
list-id-m,1,40,4,120,203814,1698,53
list-id-m,1,80,4,240,322100,1342,45
list-id-m,4,10,4,120,279734,2331,1465
list-id-m,4,20,4,240,433806,1807,1730
list-id-m,4,40,4,480,638795,1330,1763
list-id-m,4,80,4,960,1120020,1166,1714
list-id-m,8,10,4,240,494732,2061,2952
list-id-m,8,20,4,480,727904,1516,4958
list-id-m,8,40,4,960,1150152,1198,4488
list-id-m,8,80,4,1920,2428080,1264,5605
list-id-m,12,10,4,360,651180,1808,1304
list-id-m,12,20,4,720,863727,1199,4140
list-id-m,12,40,4,1440,1848897,1283,8718
list-id-m,12,80,4,2880,3607519,1252,9410
list-id-m,16,10,4,480,837048,1743,2415
list-id-m,16,20,4,960,1354308,1410,9713
list-id-m,16,40,4,1920,2415514,1258,12875
list-id-m,16,80,4,3840,5086825,1324,15105
list-id-s,1,10,4,30,128119,4270,0
list-id-s,1,20,4,60,229404,3823,0
list-id-s,1,40,4,120,227087,1892,0
list-id-s,1,80,4,240,300632,1252,0
list-id-s,4,10,4,120,287581,2396,0
list-id-s,4,20,4,240,342069,1425,0
list-id-s,4,40,4,480,420874,876,0
list-id-s,4,80,4,960,829332,863,0
list-id-s,8,10,4,240,373053,1554,0
list-id-s,8,20,4,480,498189,1037,0
list-id-s,8,40,4,960,838015,872,0
list-id-s,8,80,4,1920,1804834,940,0
list-id-s,12,10,4,360,610188,1694,0
list-id-s,12,20,4,720,718888,998,0
list-id-s,12,40,4,1440,1424024,988,0
list-id-s,12,80,4,2880,3068154,1065,0
list-id-s,16,10,4,480,662290,1379,0
list-id-s,16,20,4,960,922120,960,0
list-id-s,16,40,4,1920,2343981,1220,0
list-id-s,16,80,4,3840,5081857,1323,0
list-none-m,1,1000,1,3000,4186208,1395,36
list-none-m,1,1000,4,3000,1451104,483,36
list-none-m,1,1000,8,3000,920932,306,36
list-none-m,1,1000,16,3000,707291,235,36
list-none-m,2,1000,1,6000,25945620,4324,4313
list-none-m,2,1000,4,6000,10700908,1783,1023
list-none-m,2,1000,8,6000,6938214,1156,536
list-none-m,2,1000,16,6000,4404898,734,282
list-none-m,4,1000,1,12000,92075007,7672,22597
list-none-m,4,1000,4,12000,21104506,1758,3357
list-none-m,4,1000,8,12000,10878873,906,1309
list-none-m,4,1000,16,12000,7079353,589,682
list-none-m,8,1000,1,24000,413402979,17225,119106
list-none-m,8,1000,4,24000,57998896,2416,12686
list-none-m,8,1000,8,24000,24421644,1017,4231
list-none-m,8,1000,16,24000,12274634,511,1675
list-none-m,12,1000,1,36000,1053318560,29258,308893
list-none-m,12,1000,4,36000,122164783,3393,30267
list-none-m,12,1000,8,36000,47927027,1331,9724
list-none-m,12,1000,16,36000,20800855,577,3502
list-none-s,1,1000,1,3000,3905951,1301,0
list-none-s,1,1000,4,3000,1209586,403,0
list-none-s,1,1000,8,3000,807843,269,0
list-none-s,1,1000,16,3000,515479,171,0
list-none-s,4,1000,1,12000,111950482,9329,0
list-none-s,4,1000,4,12000,26078670,2173,0
list-none-s,4,1000,8,12000,12874831,1072,0
list-none-s,4,1000,16,12000,6249159,520,0
list-none-s,8,1000,1,24000,452777615,18865,0
list-none-s,8,1000,4,24000,47703152,1987,0
list-none-s,8,1000,8,24000,19668155,819,0
list-none-s,8,1000,16,24000,9567898,398,0
list-none-s,12,1000,1,36000,822131920,22836,0
list-none-s,12,1000,4,36000,109496657,3041,0
list-none-s,12,1000,8,36000,42470257,1179,0
list-none-s,12,1000,16,36000,18676451,518,0
list-none-m,1,1000,1,3000,10939319,3646,940
list-none-m,2,1000,1,6000,34311119,5718,5124
list-none-m,4,1000,1,12000,91551124,7629,14238
list-none-m,8,1000,1,24000,411654117,17152,101984
list-none-m,12,1000,1,36000,1320915243,36692,365210
list-none-m,16,1000,1,48000,2201370633,45861,665698
list-none-m,24,1000,1,72000,5953267052,82684,1790182
list-none-s,1,1000,1,3000,7681917,2560,0
list-none-s,2,1000,1,6000,16950538,2825,0
list-none-s,4,1000,1,12000,82407006,6867,0
list-none-s,8,1000,1,24000,330065666,13752,0
list-none-s,12,1000,1,36000,410743632,11409,0
list-none-s,16,1000,1,48000,1906054006,39709,0
list-none-s,24,1000,1,72000,6806376692,94533,0
list-none-m,1,1000,1,3000,10834405,3611,906
list-none-m,2,1000,1,6000,48195960,8032,7511
list-none-m,4,1000,1,12000,115238726,9603,20325
list-none-m,8,1000,1,24000,453328239,18888,98067
list-none-m,16,1000,1,48000,2143756330,44661,604814
list-none-m,24,1000,1,72000,4635220370,64378,1262542
list-id-none,1,1,4,3,90937,30312
list-id-none,1,2,4,6,299859,49976
list-id-none,1,4,4,12,111171,9264
list-id-none,1,8,4,24,102405,4266
list-id-none,1,16,4,48,530775,11057
list-id-none,4,1,4,12,544869,45405
list-id-none,4,2,4,24,350295,14595
list-id-none,4,4,4,48,704555,14678
list-id-none,8,1,4,24,977342,40722
list-id-none,8,2,4,48,931713,19410
list-id-none,12,1,4,36,861402,23927
list-id-none,12,2,4,72,2830473,39312
list-id-none,16,1,4,48,2315641,48242
list-id-none,16,2,4,96,3243115,33782
list-id-none,16,4,4,192,3293381,17153
list-id-m,1,10,4,30,6987178,232905,1189
list-id-m,1,20,4,60,934738,15578,1203
list-id-m,1,40,4,120,51360176,428001,977
list-id-m,1,80,4,240,2153354,8972,891
list-id-m,4,10,4,120,1996524,16637,14693
list-id-m,4,20,4,240,2270480,9460,10217
list-id-m,4,40,4,480,2019129,4206,4480
list-id-m,4,80,4,960,5064173,5275,9070
list-id-m,8,10,4,240,36410398,151709,306527
list-id-m,8,20,4,480,95348458,198642,442333
list-id-m,8,40,4,960,28320244,29500,107839
list-id-m,8,80,4,1920,17742500,9240,39831
list-id-m,12,10,4,360,6171081,17141,91466
list-id-m,12,20,4,720,8825215,12257,90728
list-id-m,12,40,4,1440,13309461,9242,67954
list-id-m,12,80,4,2880,31021838,10771,91114
list-id-m,16,10,4,480,5095634,10615,40290
list-id-m,16,20,4,960,9952771,10367,95352
list-id-m,16,40,4,1920,17801874,9271,99864
list-id-m,16,80,4,3840,30043431,7823,88003
list-id-s,1,10,4,30,582822,19427,0
list-id-s,1,20,4,60,1707003,28450,0
list-id-s,1,40,4,120,986222,8218,0
list-id-s,1,80,4,240,2897091,12071,0
list-id-s,4,10,4,120,9892284,82435,0
list-id-s,4,20,4,240,1819853,7582,0
list-id-s,4,40,4,480,2895672,6032,0
list-id-s,4,80,4,960,5610349,5844,0
list-id-s,8,10,4,240,13477573,56156,0
list-id-s,8,20,4,480,3430320,7146,0
list-id-s,8,40,4,960,17569441,18301,0
list-id-s,8,80,4,1920,254951599,132787,0
list-id-s,12,10,4,360,72378070,201050,0
list-id-s,12,20,4,720,261557539,363274,0
list-id-s,12,40,4,1440,540997784,375692,0
list-id-s,12,80,4,2880,1223342326,424771,0
list-id-s,16,10,4,480,241519053,503164,0
list-id-s,16,20,4,960,14937938,15560,0
list-id-s,16,40,4,1920,1722196445,896977,0
list-id-s,16,80,4,3840,1701055506,442983,0
list-none-m,1,1000,1,3000,9951030,3317,794
list-none-m,1,1000,4,3000,6992804,2330,890
list-none-m,1,1000,8,3000,6549365,2183,890
list-none-m,1,1000,16,3000,5876060,1958,837
list-none-m,2,1000,1,6000,52289404,8714,9024
list-none-m,2,1000,4,6000,15641906,2606,1601
list-none-m,2,1000,8,6000,11774914,1962,1504
list-none-m,2,1000,16,6000,8703368,1450,1078
list-none-m,4,1000,1,12000,73554230,6129,13529
list-none-m,4,1000,4,12000,45325486,3777,5846
list-none-m,4,1000,8,12000,15122101,1260,1536
list-none-m,4,1000,16,12000,39010322,3250,4656
list-none-m,8,1000,1,24000,229574760,9565,51556
list-none-m,8,1000,4,24000,129187630,5382,29562
list-none-m,8,1000,8,24000,85854839,3577,10544
list-none-m,8,1000,16,24000,79232978,3301,9061
list-none-m,12,1000,1,36000,635561793,17654,133980
list-none-m,12,1000,4,36000,213688099,5935,54778
list-none-m,12,1000,8,36000,72674998,2018,14335
list-none-m,12,1000,16,36000,44312164,1230,7526
list-none-s,1,1000,1,3000,3864297,1288,0
list-none-s,1,1000,4,3000,1308059,436,0
list-none-s,1,1000,8,3000,719600,239,0
list-none-s,1,1000,16,3000,496195,165,0
list-none-s,4,1000,1,12000,93113185,7759,0
list-none-s,4,1000,4,12000,26151677,2179,0
list-none-s,4,1000,8,12000,15456234,1288,0
list-none-s,4,1000,16,12000,5923314,493,0
list-none-s,8,1000,1,24000,251358381,10473,0
list-none-s,8,1000,4,24000,72104996,3004,0
list-none-s,8,1000,8,24000,27254584,1135,0
list-none-s,8,1000,16,24000,15702959,654,0
list-none-s,12,1000,1,36000,840387764,23344,0
list-none-s,12,1000,4,36000,185203942,5144,0
list-none-s,12,1000,8,36000,73504321,2041,0
list-none-s,12,1000,16,36000,23743669,659,0
list-none-m,1,1000,1,3000,3930523,1310,35
list-none-m,2,1000,1,6000,23885244,3980,3969
list-none-m,4,1000,1,12000,88911064,7409,21570
list-none-m,8,1000,1,24000,438654583,18277,126792
list-none-m,12,1000,1,36000,1114630631,30961,336523
list-none-m,16,1000,1,48000,2219040566,46230,658248
list-none-m,24,1000,1,72000,4590165320,63752,1390116
list-none-s,1,1000,1,3000,3880623,1293,0
list-none-s,2,1000,1,6000,11875948,1979,0
list-none-s,4,1000,1,12000,83325781,6943,0
list-none-s,8,1000,1,24000,329025974,13709,0
list-none-s,12,1000,1,36000,646103006,17947,0
list-none-s,16,1000,1,48000,2320289318,48339,0
list-none-s,24,1000,1,72000,2428343296,33726,0
list-none-m,1,1000,1,3000,3924017,1308,40
list-none-m,2,1000,1,6000,24874688,4145,4141
list-none-m,4,1000,1,12000,91281921,7606,22495
list-none-m,8,1000,1,24000,483742189,20155,138794
list-none-m,16,1000,1,48000,2092854328,43601,640973
list-none-m,24,1000,1,72000,4831593910,67105,1431540
list-id-none,1,1,4,3,114866,38288
list-id-none,1,2,4,6,107820,17970
list-id-none,1,4,4,12,129608,10800
list-id-none,1,8,4,24,136521,5688
list-id-none,1,16,4,48,153058,3188
list-id-none,4,1,4,12,286695,23891
list-id-none,4,2,4,24,251414,10475
list-id-none,4,4,4,48,216630,4513
list-id-none,4,8,4,96,216419,2254
list-id-none,8,1,4,24,407227,16967
list-id-none,8,2,4,48,401047,8355
list-id-none,8,4,4,96,437196,4554
list-id-none,12,1,4,36,563519,15653
list-id-none,12,4,4,144,517503,3593
list-id-none,16,1,4,48,608866,12684
list-id-none,16,2,4,96,641874,6686
list-id-m,1,10,4,30,150455,5015,90
list-id-m,1,20,4,60,166951,2782,66
list-id-m,1,40,4,120,216785,1806,49
list-id-m,1,80,4,240,315069,1312,44
list-id-m,4,10,4,120,317453,2645,1031
list-id-m,4,20,4,240,339486,1414,1251
list-id-m,4,40,4,480,587171,1223,1694
list-id-m,4,80,4,960,1136001,1183,1780
list-id-m,8,10,4,240,487317,2030,2600
list-id-m,8,20,4,480,660035,1375,3931
list-id-m,8,40,4,960,1170829,1219,4468
list-id-m,8,80,4,1920,2338594,1218,5371
list-id-m,12,10,4,360,643302,1786,2686
list-id-m,12,20,4,720,1023595,1421,7384
list-id-m,12,40,4,1440,1773884,1231,8173
list-id-m,12,80,4,2880,3390829,1177,8922
list-id-m,16,10,4,480,808457,1684,3574
list-id-m,16,20,4,960,1362468,1419,12049
list-id-m,16,40,4,1920,2463649,1283,13280
list-id-m,16,80,4,3840,4894542,1274,14390
list-id-s,1,10,4,30,167300,5576,0
list-id-s,1,20,4,60,176793,2946,0
list-id-s,1,40,4,120,216457,1803,0
list-id-s,1,80,4,240,343275,1430,0
list-id-s,4,10,4,120,305740,2547,0
list-id-s,4,20,4,240,294322,1226,0
list-id-s,4,40,4,480,431468,898,0
list-id-s,4,80,4,960,734281,764,0
list-id-s,8,10,4,240,473420,1972,0
list-id-s,8,20,4,480,454920,947,0
list-id-s,8,40,4,960,845263,880,0
list-id-s,8,80,4,1920,1704607,887,0
list-id-s,12,10,4,360,592770,1646,0
list-id-s,12,20,4,720,645823,896,0
list-id-s,12,40,4,1440,1385174,961,0
list-id-s,12,80,4,2880,3087487,1072,0
list-id-s,16,10,4,480,628733,1309,0
list-id-s,16,20,4,960,846707,881,0
list-id-s,16,40,4,1920,1843697,960,0
list-id-s,16,80,4,3840,5070533,1320,0
list-none-m,1,1000,1,3000,3963075,1321,36
list-none-m,1,1000,4,3000,1468487,489,41
list-none-m,1,1000,8,3000,992696,330,39
list-none-m,1,1000,16,3000,817027,272,35
list-none-m,2,1000,1,6000,24955335,4159,4147
list-none-m,2,1000,4,6000,9931205,1655,955
list-none-m,2,1000,8,6000,6188249,1031,479
list-none-m,2,1000,16,6000,4192882,698,274
list-none-m,4,1000,1,12000,89337922,7444,22161
list-none-m,4,1000,4,12000,21158540,1763,3441
list-none-m,4,1000,8,12000,11467458,955,1397
list-none-m,4,1000,16,12000,6958334,579,677
list-none-m,8,1000,1,24000,408887742,17036,116126
list-none-m,8,1000,4,24000,55981803,2332,12262
list-none-m,8,1000,8,24000,24065685,1002,4183
list-none-m,8,1000,16,24000,12441323,518,1706
list-none-m,12,1000,1,36000,995873612,27663,283653
list-none-m,12,1000,4,36000,123002460,3416,30573
list-none-m,12,1000,8,36000,46940047,1303,9526
list-none-m,12,1000,16,36000,21536014,598,3552
list-none-s,1,1000,1,3000,3901542,1300,0
list-none-s,1,1000,4,3000,1248043,416,0
list-none-s,1,1000,8,3000,752835,250,0
list-none-s,1,1000,16,3000,596371,198,0
list-none-s,4,1000,1,12000,112066359,9338,0
list-none-s,4,1000,4,12000,24836097,2069,0
list-none-s,4,1000,8,12000,11001554,916,0
list-none-s,4,1000,16,12000,6308240,525,0
list-none-s,8,1000,1,24000,276125820,11505,0
list-none-s,8,1000,4,24000,49098336,2045,0
list-none-s,8,1000,8,24000,20120310,838,0
list-none-s,8,1000,16,24000,9691030,403,0
list-none-s,12,1000,1,36000,952177908,26449,0
list-none-s,12,1000,4,36000,99514632,2764,0
list-none-s,12,1000,8,36000,36190485,1005,0
list-none-s,12,1000,16,36000,15522771,431,0
list-none-m,1,1000,1,3000,3984021,1328,38
list-none-m,2,1000,1,6000,24546320,4091,4083
list-none-m,4,1000,1,12000,91687775,7640,22623
list-none-m,8,1000,1,24000,472439984,19684,134863
list-none-m,12,1000,1,36000,1031271855,28646,300585
list-none-m,16,1000,1,48000,2018632785,42054,601930
list-none-m,24,1000,1,72000,4399982007,61110,1253625
list-none-s,1,1000,1,3000,3736817,1245,0
list-none-s,2,1000,1,6000,21829098,3638,0
list-none-s,4,1000,1,12000,104442717,8703,0
list-none-s,8,1000,1,24000,233334771,9722,0
list-none-s,12,1000,1,36000,604572183,16793,0
list-none-s,16,1000,1,48000,1042060904,21709,0
list-none-s,24,1000,1,72000,2243079512,31153,0
list-none-m,1,1000,1,3000,4032736,1344,35
list-none-m,2,1000,1,6000,24472391,4078,4065
list-none-m,4,1000,1,12000,92113088,7676,22670
list-none-m,8,1000,1,24000,412852962,17202,117203
list-none-m,16,1000,1,48000,2086318005,43464,610458
list-none-m,24,1000,1,72000,4636870207,64400,1352969
list-id-none,1,1,4,3,114101,38033
list-id-none,1,2,4,6,111037,18506
list-id-none,1,4,4,12,125057,10421
list-id-none,1,8,4,24,135548,5647
list-id-none,1,16,4,48,147406,3070
list-id-none,4,1,4,12,207559,17296
list-id-none,4,4,4,48,242437,5050
list-id-none,8,1,4,24,423352,17639
list-id-none,8,2,4,48,483764,10078
list-id-none,16,1,4,48,677691,14118
list-id-none,16,2,4,96,583881,6082
list-id-none,16,4,4,192,652753,3399
list-id-m,1,10,4,30,172290,5743,103
list-id-m,1,20,4,60,215384,3589,67
list-id-m,1,40,4,120,254850,2123,51
list-id-m,1,80,4,240,354266,1476,42
list-id-m,4,10,4,120,323375,2694,1085
list-id-m,4,20,4,240,366380,1526,1770
list-id-m,4,40,4,480,585872,1220,1432
list-id-m,4,80,4,960,1227405,1278,2079
list-id-m,8,10,4,240,521611,2173,3702
list-id-m,8,20,4,480,663357,1381,4737
list-id-m,8,40,4,960,1139848,1187,4404
list-id-m,8,80,4,1920,2287555,1191,5119
list-id-m,12,10,4,360,675438,1876,2181
list-id-m,12,20,4,720,939273,1304,6985
list-id-m,12,40,4,1440,1923378,1335,9152
list-id-m,12,80,4,2880,3549091,1232,9333
list-id-m,16,10,4,480,755248,1573,3300
list-id-m,16,20,4,960,1353776,1410,12105
list-id-m,16,40,4,1920,2435863,1268,13174
list-id-m,16,80,4,3840,4949639,1288,14478
list-id-s,1,10,4,30,163024,5434,0
list-id-s,1,20,4,60,183162,3052,0
list-id-s,1,40,4,120,221632,1846,0
list-id-s,1,80,4,240,311452,1297,0
list-id-s,4,10,4,120,294057,2450,0
list-id-s,4,20,4,240,325695,1357,0
list-id-s,4,40,4,480,419920,874,0
list-id-s,4,80,4,960,798952,832,0
list-id-s,8,10,4,240,436911,1820,0
list-id-s,8,20,4,480,528317,1100,0
list-id-s,8,40,4,960,832602,867,0
list-id-s,8,80,4,1920,1748840,910,0
list-id-s,12,10,4,360,614944,1708,0
list-id-s,12,20,4,720,628072,872,0
list-id-s,12,40,4,1440,1396248,969,0
list-id-s,12,80,4,2880,3104503,1077,0
list-id-s,16,10,4,480,739474,1540,0
list-id-s,16,20,4,960,736089,766,0
list-id-s,16,40,4,1920,2095200,1091,0
list-id-s,16,80,4,3840,4816057,1254,0
list-none-m,1,1000,1,3000,3921934,1307,39
list-none-m,1,1000,4,3000,1426848,475,36
list-none-m,1,1000,8,3000,982336,327,34
list-none-m,1,1000,16,3000,759248,253,35
list-none-m,2,1000,1,6000,24076521,4012,3984
list-none-m,2,1000,4,6000,10128207,1688,989
list-none-m,2,1000,8,6000,6231062,1038,455
list-none-m,2,1000,16,6000,2100135,350,149
list-none-m,4,1000,1,12000,87609559,7300,21123
list-none-m,4,1000,4,12000,20445465,1703,3282
list-none-m,4,1000,8,12000,11354626,946,1381
list-none-m,4,1000,16,12000,6872093,572,657
list-none-m,8,1000,1,24000,440183256,18340,124267
list-none-m,8,1000,4,24000,54804029,2283,11901
list-none-m,8,1000,8,24000,25710836,1071,4400
list-none-m,8,1000,16,24000,12910430,537,1740
list-none-m,12,1000,1,36000,1107522798,30764,324487
list-none-m,12,1000,4,36000,121887907,3385,30148
list-none-m,12,1000,8,36000,47214096,1311,9490
list-none-m,12,1000,16,36000,21174508,588,3485
list-none-s,1,1000,1,3000,3872332,1290,0
list-none-s,1,1000,4,3000,1196643,398,0
list-none-s,1,1000,8,3000,739371,246,0
list-none-s,1,1000,16,3000,485562,161,0
list-none-s,4,1000,1,12000,64586167,5382,0
list-none-s,4,1000,4,12000,26270356,2189,0
list-none-s,4,1000,8,12000,12140748,1011,0
list-none-s,4,1000,16,12000,6129854,510,0
list-none-s,8,1000,1,24000,230268844,9594,0
list-none-s,8,1000,4,24000,48299485,2012,0
list-none-s,8,1000,8,24000,19604982,816,0
list-none-s,8,1000,16,24000,9561295,398,0
list-none-s,12,1000,1,36000,566433478,15734,0
list-none-s,12,1000,4,36000,98948104,2748,0
list-none-s,12,1000,8,36000,35613281,989,0
list-none-s,12,1000,16,36000,15865375,440,0
list-none-m,1,1000,1,3000,4005324,1335,38
list-none-m,2,1000,1,6000,25763936,4293,4262
list-none-m,4,1000,1,12000,94239084,7853,23319
list-none-m,8,1000,1,24000,401293335,16720,113771
list-none-m,12,1000,1,36000,1130518736,31403,336379
list-none-m,16,1000,1,48000,1885053964,39271,550757
list-none-m,24,1000,1,72000,4839836886,67219,1402043
list-none-s,1,1000,1,3000,3852140,1284,0
list-none-s,2,1000,1,6000,19226363,3204,0
list-none-s,4,1000,1,12000,75927710,6327,0
list-none-s,8,1000,1,24000,272767580,11365,0
list-none-s,12,1000,1,36000,571385774,15871,0
list-none-s,16,1000,1,48000,1457479123,30364,0
list-none-s,24,1000,1,72000,3277521176,45521,0
list-none-m,1,1000,1,3000,3956305,1318,35
list-none-m,2,1000,1,6000,22730176,3788,3773
list-none-m,4,1000,1,12000,90012521,7501,21776
list-none-m,8,1000,1,24000,458373896,19098,131420
list-none-m,16,1000,1,48000,2113424577,44029,616722
list-none-m,24,1000,1,72000,4734703948,65759,1369290
list-id-none,1,1,4,3,129716,43238
list-id-none,1,2,4,6,139094,23182
list-id-none,1,4,4,12,134152,11179
list-id-none,1,8,4,24,142990,5957
list-id-none,1,16,4,48,157910,3289
list-id-none,4,1,4,12,252690,21057
list-id-none,4,2,4,24,291254,12135
list-id-none,4,4,4,48,237773,4953
list-id-none,8,1,4,24,472564,19690
list-id-none,8,2,4,48,425303,8860
list-id-none,12,2,4,72,500566,6952
list-id-none,12,4,4,144,463744,3220
list-id-none,12,8,4,288,445112,1545
list-id-none,16,1,4,48,548427,11425
list-id-none,16,2,4,96,550640,5735
list-id-m,1,10,4,30,122079,4069,85
list-id-m,1,20,4,60,148626,2477,60
list-id-m,1,40,4,120,217374,1811,48
list-id-m,1,80,4,240,310061,1291,43
list-id-m,4,10,4,120,257508,2145,854
list-id-m,4,20,4,240,334482,1393,1139
list-id-m,4,40,4,480,564372,1175,1776
list-id-m,4,80,4,960,1089329,1134,1740
list-id-m,8,10,4,240,438678,1827,425
list-id-m,8,20,4,480,638987,1331,3815
list-id-m,8,40,4,960,1122322,1169,4531
list-id-m,8,80,4,1920,2293189,1194,5165
list-id-m,12,10,4,360,641771,1782,2948
list-id-m,12,20,4,720,992635,1378,7105
list-id-m,12,40,4,1440,1731949,1202,8102
list-id-m,12,80,4,2880,3540199,1229,9638
list-id-m,16,10,4,480,807352,1681,3706
list-id-m,16,20,4,960,1228401,1279,8018
list-id-m,16,40,4,1920,2411223,1255,13242
list-id-m,16,80,4,3840,4895487,1274,14272
list-id-s,1,10,4,30,108781,3626,0
list-id-s,1,20,4,60,169499,2824,0
list-id-s,1,40,4,120,200106,1667,0
list-id-s,1,80,4,240,284108,1183,0
list-id-s,4,10,4,120,183292,1527,0
list-id-s,4,20,4,240,247608,1031,0
list-id-s,4,40,4,480,359716,749,0
list-id-s,4,80,4,960,743346,774,0
list-id-s,8,10,4,240,404864,1686,0
list-id-s,8,20,4,480,434757,905,0
list-id-s,8,40,4,960,735432,766,0
list-id-s,8,80,4,1920,1784334,929,0
list-id-s,12,10,4,360,492833,1368,0
list-id-s,12,20,4,720,565561,785,0
list-id-s,12,40,4,1440,1338691,929,0
list-id-s,12,80,4,2880,2996514,1040,0
list-id-s,16,10,4,480,598749,1247,0
list-id-s,16,20,4,960,752840,784,0
list-id-s,16,40,4,1920,2131869,1110,0
list-id-s,16,80,4,3840,5054317,1316,0
list-none-m,1,1000,1,3000,4040057,1346,37
list-none-m,1,1000,4,3000,1389691,463,36
list-none-m,1,1000,8,3000,963784,321,39
list-none-m,1,1000,16,3000,765069,255,41
list-none-m,2,1000,1,6000,26091517,4348,4328
list-none-m,2,1000,4,6000,10289045,1714,948
list-none-m,2,1000,8,6000,6503935,1083,486
list-none-m,2,1000,16,6000,4177396,696,279
list-none-m,4,1000,1,12000,87399470,7283,21279
list-none-m,4,1000,4,12000,20857509,1738,3339
list-none-m,4,1000,8,12000,11087020,923,1291
list-none-m,4,1000,16,12000,6847606,570,632
list-none-m,8,1000,1,24000,429198577,17883,123105
list-none-m,8,1000,4,24000,60027702,2501,13108
list-none-m,8,1000,8,24000,25208913,1050,4273
list-none-m,8,1000,16,24000,12202162,508,1685
list-none-m,12,1000,1,36000,993218748,27589,285047
list-none-m,12,1000,4,36000,121098825,3363,30005
list-none-m,12,1000,8,36000,46467192,1290,9419
list-none-m,12,1000,16,36000,20886862,580,3496
list-none-s,1,1000,1,3000,3774006,1258,0
list-none-s,1,1000,4,3000,1138331,379,0
list-none-s,1,1000,8,3000,702223,234,0
list-none-s,1,1000,16,3000,517415,172,0
list-none-s,4,1000,1,12000,64650130,5387,0
list-none-s,4,1000,4,12000,27186363,2265,0
list-none-s,4,1000,8,12000,11351185,945,0
list-none-s,4,1000,16,12000,6585037,548,0
list-none-s,8,1000,1,24000,253438034,10559,0
list-none-s,8,1000,4,24000,47689821,1987,0
list-none-s,8,1000,8,24000,20022369,834,0
list-none-s,8,1000,16,24000,9576100,399,0
list-none-s,12,1000,1,36000,743645114,20656,0
list-none-s,12,1000,4,36000,99593498,2766,0
list-none-s,12,1000,8,36000,35736274,992,0
list-none-s,12,1000,16,36000,15932283,442,0
list-none-m,1,1000,1,3000,4025593,1341,43
list-none-m,2,1000,1,6000,26431450,4405,4399
list-none-m,4,1000,1,12000,90676356,7556,22492
list-none-m,8,1000,1,24000,415424633,17309,118916
list-none-m,12,1000,1,36000,1047642822,29101,310743
list-none-m,16,1000,1,48000,2077480152,43280,622596
list-none-m,24,1000,1,72000,5035396476,69936,1514695
list-none-s,1,1000,1,3000,3827316,1275,0
list-none-s,2,1000,1,6000,24724484,4120,0
list-none-s,4,1000,1,12000,49073882,4089,0
list-none-s,8,1000,1,24000,333635350,13901,0
list-none-s,12,1000,1,36000,807925663,22442,0
list-none-s,16,1000,1,48000,668799037,13933,0
list-none-s,24,1000,1,72000,2179876065,30276,0
list-none-m,1,1000,1,3000,4133893,1377,36
list-none-m,2,1000,1,6000,25967465,4327,4306
list-none-m,4,1000,1,12000,95671626,7972,23397
list-none-m,8,1000,1,24000,403644416,16818,116282
list-none-m,16,1000,1,48000,2007151857,41815,602027
list-none-m,24,1000,1,72000,4419810430,61386,1304933
list-id-none,1,1,4,3,154346,51448
list-id-none,1,2,4,6,138087,23014
list-id-none,1,4,4,12,135461,11288
list-id-none,1,8,4,24,135221,5634
list-id-none,1,16,4,48,153393,3195
list-id-none,4,1,4,12,230741,19228
list-id-none,4,2,4,24,241674,10069
list-id-none,4,16,4,192,282098,1469
list-id-none,8,1,4,24,365040,15210
list-id-none,8,2,4,48,430216,8962
list-id-none,12,1,4,36,444193,12338
list-id-none,12,4,4,144,441373,3065
list-id-none,16,1,4,48,653750,13619
list-id-none,16,2,4,96,624539,6505
list-id-none,16,4,4,192,640523,3336
list-id-m,1,10,4,30,118336,3944,84
list-id-m,1,20,4,60,159877,2664,61
list-id-m,1,40,4,120,230198,1918,51
list-id-m,1,80,4,240,275110,1146,42
list-id-m,4,10,4,120,288973,2408,1365
list-id-m,4,20,4,240,329378,1372,1054
list-id-m,4,40,4,480,530206,1104,1191
list-id-m,4,80,4,960,1085120,1130,1854
list-id-m,8,10,4,240,475294,1980,1136
list-id-m,8,20,4,480,610058,1270,3305
list-id-m,8,40,4,960,1025776,1068,3908
list-id-m,8,80,4,1920,2335102,1216,5399
list-id-m,12,10,4,360,634088,1761,3590
list-id-m,12,20,4,720,1027984,1427,7425
list-id-m,12,40,4,1440,1673693,1162,8001
list-id-m,12,80,4,2880,3501362,1215,9403
list-id-m,16,10,4,480,811185,1689,5144
list-id-m,16,20,4,960,1261612,1314,9967
list-id-m,16,40,4,1920,2357913,1228,12858
list-id-m,16,80,4,3840,4882636,1271,13967
list-id-s,1,10,4,30,117301,3910,0
list-id-s,1,20,4,60,170651,2844,0
list-id-s,1,40,4,120,204321,1702,0
list-id-s,1,80,4,240,284272,1184,0
list-id-s,4,10,4,120,217144,1809,0
list-id-s,4,20,4,240,275875,1149,0
list-id-s,4,40,4,480,433108,902,0
list-id-s,4,80,4,960,742620,773,0
list-id-s,8,10,4,240,391401,1630,0
list-id-s,8,20,4,480,491525,1024,0
list-id-s,8,40,4,960,788559,821,0
list-id-s,8,80,4,1920,1635125,851,0
list-id-s,12,10,4,360,461099,1280,0
list-id-s,12,20,4,720,621499,863,0
list-id-s,12,40,4,1440,1485878,1031,0
list-id-s,12,80,4,2880,2918541,1013,0
list-id-s,16,10,4,480,633414,1319,0
list-id-s,16,20,4,960,787046,819,0
list-id-s,16,40,4,1920,2286462,1190,0
list-id-s,16,80,4,3840,5146835,1340,0
list-none-m,1,1000,1,3000,4068888,1356,38
list-none-m,1,1000,4,3000,1409666,469,37
list-none-m,1,1000,8,3000,955769,318,38
list-none-m,1,1000,16,3000,807614,269,39
list-none-m,2,1000,1,6000,26537834,4422,4395
list-none-m,2,1000,4,6000,10290704,1715,987
list-none-m,2,1000,8,6000,3544904,590,284
list-none-m,2,1000,16,6000,4076953,679,277
list-none-m,4,1000,1,12000,90183750,7515,22058
list-none-m,4,1000,4,12000,20856055,1738,3353
list-none-m,4,1000,8,12000,10587451,882,1263
list-none-m,4,1000,16,12000,6925250,577,650
list-none-m,8,1000,1,24000,407181167,16965,112786
list-none-m,8,1000,4,24000,57274550,2386,12417
list-none-m,8,1000,8,24000,23807094,991,4066
list-none-m,8,1000,16,24000,12821359,534,1703
list-none-m,12,1000,1,36000,1017192259,28255,301294
list-none-m,12,1000,4,36000,120822262,3356,29912
list-none-m,12,1000,8,36000,47388895,1316,9447
list-none-m,12,1000,16,36000,21542173,598,3554
list-none-s,1,1000,1,3000,3791393,1263,0
list-none-s,1,1000,4,3000,1188692,396,0
list-none-s,1,1000,8,3000,733050,244,0
list-none-s,1,1000,16,3000,526048,175,0
list-none-s,4,1000,1,12000,69564661,5797,0
list-none-s,4,1000,4,12000,24910407,2075,0
list-none-s,4,1000,8,12000,9794218,816,0
list-none-s,4,1000,16,12000,6106778,508,0
list-none-s,8,1000,1,24000,352491497,14687,0
list-none-s,8,1000,4,24000,46965088,1956,0
list-none-s,8,1000,8,24000,19691176,820,0
list-none-s,8,1000,16,24000,9734632,405,0
list-none-s,12,1000,1,36000,577177820,16032,0
list-none-s,12,1000,4,36000,100656010,2796,0
list-none-s,12,1000,8,36000,35582122,988,0
list-none-s,12,1000,16,36000,16094246,447,0
list-none-m,1,1000,1,3000,4014343,1338,37
list-none-m,2,1000,1,6000,26638627,4439,4433
list-none-m,4,1000,1,12000,97119575,8093,23445
list-none-m,8,1000,1,24000,429173608,17882,122830
list-none-m,12,1000,1,36000,1138375496,31621,341051
list-none-m,16,1000,1,48000,2125437920,44279,629738
list-none-m,24,1000,1,72000,4682325113,65032,1339496
list-none-s,1,1000,1,3000,3836875,1278,0
list-none-s,2,1000,1,6000,16925467,2820,0
list-none-s,4,1000,1,12000,78726873,6560,0
list-none-s,8,1000,1,24000,367118596,15296,0
list-none-s,12,1000,1,36000,876825971,24356,0
list-none-s,16,1000,1,48000,1242803171,25891,0
list-none-s,24,1000,1,72000,7419714950,103051,0
list-none-m,1,1000,1,3000,4583446,1527,39
list-none-m,2,1000,1,6000,32710278,5451,5194
list-none-m,4,1000,1,12000,121730814,10144,28430
list-none-m,8,1000,1,24000,501144694,20881,128154
list-none-m,16,1000,1,48000,947051618,19730,188567
list-none-m,24,1000,1,72000,2127863196,29553,437280
list-id-none,1,1,4,3,470320,156773
list-id-none,1,2,4,6,715868,119311
list-id-none,1,4,4,12,251946,20995
list-id-none,1,8,4,24,559483,23311
list-id-none,1,16,4,48,633467,13197
list-id-none,4,1,4,12,909993,75832
list-id-none,4,2,4,24,1488106,62004
list-id-none,4,4,4,48,923460,19238
list-id-none,4,8,4,96,1301708,13559
list-id-none,8,2,4,48,5259897,109581
list-id-none,8,4,4,96,1996007,20791
list-id-none,8,8,4,192,1665104,8672
list-id-none,12,1,4,36,2293713,63714
list-id-none,12,2,4,72,2227969,30944
list-id-none,12,4,4,144,2275942,15805
list-id-none,16,1,4,48,4021384,83778
list-id-m,1,10,4,30,259018,8633,117
list-id-m,1,20,4,60,380505,6341,93
list-id-m,1,40,4,120,1133039,9441,805
list-id-m,1,80,4,240,803401,3347,61
list-id-m,4,10,4,120,1921320,16011,17567
list-id-m,4,20,4,240,24233022,100970,1027
list-id-m,4,40,4,480,2335101,4864,4400
list-id-m,4,80,4,960,7490709,7802,12054
list-id-m,8,10,4,240,4042962,16845,43772
list-id-m,8,20,4,480,3814642,7947,26192
list-id-m,8,40,4,960,6727978,7008,28800
list-id-m,8,80,4,1920,10691229,5568,23968
list-id-m,12,10,4,360,3432216,9533,9331
list-id-m,12,20,4,720,9876534,13717,91637
list-id-m,12,40,4,1440,11289813,7840,47894
list-id-m,12,80,4,2880,10021780,3479,22575
list-id-m,16,10,4,480,11306765,23555,39828
list-id-m,16,20,4,960,21065696,21943,26502
list-id-m,16,40,4,1920,14980066,7802,70024
list-id-m,16,80,4,3840,30926039,8053,91770
list-id-s,1,10,4,30,662538,22084,0
list-id-s,1,20,4,60,2219357,36989,0
list-id-s,1,40,4,120,1077641,8980,0
list-id-s,1,80,4,240,1851513,7714,0
list-id-s,4,10,4,120,793098,6609,0
list-id-s,4,20,4,240,1731513,7214,0
list-id-s,4,40,4,480,6463211,13465,0
list-id-s,4,80,4,960,3304689,3442,0
list-id-s,8,10,4,240,10482257,43676,0
list-id-s,8,20,4,480,141096934,293951,0
list-id-s,8,40,4,960,147601042,153751,0
list-id-s,8,80,4,1920,224620700,116989,0
list-id-s,12,10,4,360,165976327,461045,0
list-id-s,12,20,4,720,386685950,537063,0
list-id-s,12,40,4,1440,646492896,448953,0
list-id-s,12,80,4,2880,698451933,242518,0
list-id-s,16,10,4,480,2774237,5779,0
list-id-s,16,20,4,960,278966278,290589,0
list-id-s,16,40,4,1920,223308661,116306,0
list-id-s,16,80,4,3840,1207604701,314480,0
list-none-m,1,1000,1,3000,9521914,3173,709
list-none-m,1,1000,4,3000,7023385,2341,864
list-none-m,1,1000,8,3000,6104380,2034,802
list-none-m,1,1000,16,3000,3665653,1221,471
list-none-m,2,1000,1,6000,39135462,6522,6113
list-none-m,2,1000,4,6000,14788950,2464,1427
list-none-m,2,1000,8,6000,7152291,1192,603
list-none-m,2,1000,16,6000,2239597,373,158
list-none-m,4,1000,1,12000,87760477,7313,18031
list-none-m,4,1000,4,12000,22007493,1833,3564
list-none-m,4,1000,8,12000,11599224,966,1382
list-none-m,4,1000,16,12000,7006878,583,688
list-none-m,8,1000,1,24000,413546618,17231,113596
list-none-m,8,1000,4,24000,69807695,2908,15173
list-none-m,8,1000,8,24000,26729775,1113,4585
list-none-m,8,1000,16,24000,13141352,547,1833
list-none-m,12,1000,1,36000,1063237602,29534,306943
list-none-m,12,1000,4,36000,132550693,3681,33058
list-none-m,12,1000,8,36000,50646910,1406,10334
list-none-m,12,1000,16,36000,24021207,667,4004
list-none-s,1,1000,1,3000,3889314,1296,0
list-none-s,1,1000,4,3000,1175065,391,0
list-none-s,1,1000,8,3000,741097,247,0
list-none-s,1,1000,16,3000,487935,162,0
list-none-s,4,1000,1,12000,95131582,7927,0
list-none-s,4,1000,4,12000,20711566,1725,0
list-none-s,4,1000,8,12000,9528983,794,0
list-none-s,4,1000,16,12000,5792693,482,0
list-none-s,8,1000,1,24000,363053444,15127,0
list-none-s,8,1000,4,24000,49869902,2077,0
list-none-s,8,1000,8,24000,20786927,866,0
list-none-s,8,1000,16,24000,9149046,381,0
list-none-s,12,1000,1,36000,545334468,15148,0
list-none-s,12,1000,4,36000,106292960,2952,0
list-none-s,12,1000,8,36000,38629347,1073,0
list-none-s,12,1000,16,36000,16686836,463,0
