add-none,2,100,400,3338876,8347,0
add-none,2,1000,4000,3352482,838,0
add-none,2,10000,40000,4217004,105,-3948
add-none,2,100000,400000,12904084,32,-30195
add-none,4,100,800,3418907,4273,0
add-none,4,1000,8000,3462731,432,0
add-none,4,10000,80000,6022774,75,-1787
add-none,4,100000,800000,30460447,38,-27376
add-none,8,100,1600,3682889,2301,0
add-none,8,1000,16000,3676246,229,0
add-none,8,10000,160000,9063286,56,12
add-none,8,100000,1600000,65450377,40,-7425
add-none,12,100,2400,3979009,1657,0
add-none,12,1000,24000,3899110,162,0
add-none,12,10000,240000,12639647,52,985
add-none,12,100000,2400000,100924147,42,-4319
add-yield-none,2,10,40,3357552,83938,5
add-yield-none,4,10,80,3431520,42894,8
add-yield-none,8,10,160,3636593,22728,9
add-yield-none,12,10,240,3893552,16223,0
add-yield-none,2,20,80,3389205,42365,16
add-yield-none,4,20,160,3463490,21646,15
add-yield-none,8,20,320,3674195,11481,52
add-yield-none,12,20,480,3900609,8126,135
add-yield-none,2,40,160,3442420,21515,24
add-yield-none,4,40,320,3521533,11004,16
add-yield-none,8,40,640,3717554,5808,91
add-yield-none,12,40,960,3932157,4095,180
add-yield-none,2,80,320,3561970,11131,11
add-yield-none,4,80,640,3622380,5659,47
add-yield-none,8,80,1280,3810956,2977,123
add-yield-none,12,80,1920,3940042,2052,88
add-yield-none,2,100,400,3631764,9079,14
add-yield-none,4,100,800,3708328,4635,54
add-yield-none,8,100,1600,3868328,2417,87
add-yield-none,12,100,2400,4006477,1669,23
add-yield-none,2,1000,4000,6531184,1632,-94
add-yield-none,4,1000,8000,6522264,815,55
add-yield-none,8,1000,16000,6640849,415,93
add-yield-none,12,1000,24000,6751777,281,223
add-yield-none,2,10000,40000,34976142,874,-1191
add-yield-none,4,10000,80000,34947968,436,-11
add-yield-none,8,10000,160000,34822296,217,-655
add-yield-none,12,10000,240000,34757737,144,97
add-yield-none,2,100000,400000,252190464,630,-949
add-yield-none,4,100000,800000,-709799579,-887,-61048
add-yield-none,8,100000,1600000,309448754,193,9858
add-yield-none,12,100000,2400000,283105694,117,-17205
add-none,1,100,200,3340942,16704,0
add-none,1,1000,2000,3297288,1648,0
add-none,1,10000,20000,3429203,171,0
add-none,1,100000,200000,4824923,24,0
add-none,1,1000000,2000000,18279481,9,0
add-none,2,100,400,3323173,8307,0
add-none,2,1000,4000,3321436,830,0
add-none,2,10000,40000,4048052,101,1224
add-none,2,100000,400000,9916530,24,-20746
add-none,2,1000000,4000000,76851501,19,-33629
add-none,4,100,800,3327834,4159,83
add-none,4,1000,8000,3382255,422,0
add-none,4,10000,80000,4704218,58,1649
add-none,4,100000,800000,17712437,22,-13902
add-none,4,1000000,8000000,159514589,19,-135667
add-yield-none,1,100,200,3445547,17227,0
add-yield-none,1,1000,2000,4903481,2451,0
add-yield-none,1,10000,20000,19105703,955,0
add-yield-none,1,100000,200000,159168778,795,0
add-yield-none,1,1000000,2000000,500086740,250,0
add-yield-none,2,100,400,3531895,8829,30
add-yield-none,2,1000,4000,5172434,1293,43
add-yield-none,2,10000,40000,21594559,539,38
add-yield-none,2,100000,400000,187321945,468,22
add-yield-none,2,1000000,4000000,-169842939,-42,-27043
add-yield-none,4,100,800,3536388,4420,88
add-yield-none,4,1000,8000,5287479,660,84
add-yield-none,4,10000,80000,22331973,279,-240
add-yield-none,4,100000,800000,201221630,251,395
add-yield-none,4,1000000,8000000,-75739827,-9,-18986
add-yield-m,2,10000,40000,67140861,1678,0
add-yield-m,4,10000,80000,144327952,1804,0
add-yield-m,8,10000,160000,267633409,1672,0
add-yield-m,12,10000,240000,-523250969,-2180,0
add-yield-c,2,10000,40000,5205087,130,0
add-yield-c,4,10000,80000,9303183,116,0
add-yield-c,8,10000,160000,14812432,92,0
add-yield-c,12,10000,240000,26054531,108,0
add-yield-s,2,10000,40000,41045187,1026,0
add-yield-s,4,10000,80000,116296036,1453,0
add-yield-s,8,1000,16000,31706235,1981,0
add-yield-s,12,1000,24000,63346143,2639,0
add-m,1,10000,20000,3939824,196,0
add-m,2,10000,40000,6539715,163,0
add-m,4,10000,80000,14552516,181,0
add-m,8,10000,160000,39200428,245,0
add-m,12,10000,240000,54844576,228,0
add-c,1,10000,20000,3631236,181,0
add-c,2,10000,40000,4811962,120,0
add-c,4,10000,80000,8636344,107,0
add-c,8,10000,160000,16348143,102,0
add-c,12,10000,240000,24881577,103,0
add-s,1,10000,20000,3539668,176,0
add-s,2,10000,40000,8534317,213,0
add-s,4,10000,80000,62481274,781,0
add-s,8,10000,160000,-852180158,-5326,0
add-s,12,10000,240000,319020837,1329,0
add-none,2,100,400,3279322,8198,0
add-none,2,1000,4000,3304003,826,0
add-none,2,10000,40000,4001289,100,699
add-none,2,100000,400000,10475518,26,-19686
add-none,4,100,800,3347894,4184,0
add-none,4,1000,8000,3437774,429,-1264
add-none,4,10000,80000,4748050,59,378
add-none,4,100000,800000,18494391,23,-38479
add-none,8,100,1600,3474431,2171,0
add-none,8,1000,16000,3608035,225,334
add-none,8,10000,160000,6576451,41,-13414
add-none,8,100000,1600000,35207242,22,-80296
add-none,12,100,2400,3566448,1486,0
add-none,12,1000,24000,3548157,147,19
add-none,12,10000,240000,8613773,35,-5351
add-none,12,100000,2400000,57146174,23,-130727
add-yield-none,2,10,40,3312178,82804,0
add-yield-none,4,10,80,3336622,41707,13
add-yield-none,8,10,160,3456793,21604,15
add-yield-none,12,10,240,3576269,14901,13
add-yield-none,2,20,80,3298475,41230,15
add-yield-none,4,20,160,3356971,20981,18
add-yield-none,8,20,320,3534183,11044,37
add-yield-none,12,20,480,3630504,7563,109
add-yield-none,2,40,160,3359200,20995,1
add-yield-none,4,40,320,3402041,10631,70
add-yield-none,8,40,640,3537824,5527,81
add-yield-none,12,40,960,3678352,3831,198
add-yield-none,2,80,320,3442678,10758,32
add-yield-none,4,80,640,3445308,5383,50
add-yield-none,8,80,1280,3612082,2821,6
add-yield-none,12,80,1920,3823400,1991,42
add-yield-none,2,100,400,3451575,8628,19
add-yield-none,4,100,800,3508778,4385,49
add-yield-none,8,100,1600,3644339,2277,118
add-yield-none,12,100,2400,3789724,1579,105
add-yield-none,2,1000,4000,5203809,1300,0
add-yield-none,4,1000,8000,5205205,650,53
add-yield-none,8,1000,16000,5773757,360,119
add-yield-none,12,1000,24000,6375453,265,182
add-yield-none,2,10000,40000,22087951,552,8
add-yield-none,4,10000,80000,22190784,277,36
add-yield-none,8,10000,160000,27226642,170,127
add-yield-none,12,10000,240000,32913260,137,1292
add-yield-none,2,100000,400000,191589314,478,-54
add-yield-none,4,100000,800000,199868979,249,-11472
add-yield-none,8,100000,1600000,-786862842,-491,-13309
add-yield-none,12,100000,2400000,272630742,113,-50016
add-none,1,100,200,3273695,16368,0
add-none,1,1000,2000,3257133,1628,0
add-none,1,10000,20000,3436460,171,0
add-none,1,100000,200000,4863469,24,0
add-none,1,1000000,2000000,19026343,9,0
add-none,2,100,400,3283426,8208,0
add-none,2,1000,4000,3285766,821,9
add-none,2,10000,40000,3678732,91,-3736
add-none,2,100000,400000,10500397,26,-32124
add-none,2,1000000,4000000,78901077,19,-273549
add-none,4,100,800,3326511,4158,0
add-none,4,1000,8000,3340096,417,0
add-none,4,10000,80000,4717833,58,-348
add-none,4,100000,800000,18387159,22,-19596
add-none,4,1000000,8000000,152690142,19,-313511
add-yield-none,1,100,200,3443264,17216,0
add-yield-none,1,1000,2000,4983466,2491,0
add-yield-none,1,10000,20000,19536477,976,0
add-yield-none,1,100000,200000,164796902,823,0
add-yield-none,1,1000000,2000000,-345573951,-172,0
add-yield-none,2,100,400,3439017,8597,20
add-yield-none,2,1000,4000,5176881,1294,0
add-yield-none,2,10000,40000,22097425,552,1
add-yield-none,2,100000,400000,190290093,475,1922
add-yield-none,2,1000000,4000000,209805313,52,-189485
add-yield-none,4,100,800,3535746,4419,56
add-yield-none,4,1000,8000,5186866,648,41
add-yield-none,4,10000,80000,21789019,272,82
add-yield-none,4,100000,800000,-807892810,-1009,-153
add-yield-none,4,1000000,8000000,898768465,112,-33460
add-yield-m,2,10000,40000,-943377954,-23584,0
add-yield-m,4,10000,80000,136575285,1707,0
add-yield-m,8,10000,160000,305395683,1908,0
add-yield-m,12,10000,240000,451986386,1883,0
add-yield-c,2,10000,40000,5005222,125,0
add-yield-c,4,10000,80000,8811299,110,0
add-yield-c,8,10000,160000,15556664,97,0
add-yield-c,12,10000,240000,23009472,95,0
add-yield-s,2,10000,40000,-961207069,-24030,0
add-yield-s,4,10000,80000,125270187,1565,0
add-yield-s,8,1000,16000,34982634,2186,0
add-yield-s,12,1000,24000,60335561,2513,0
add-m,1,10000,20000,3961139,198,0
add-m,2,10000,40000,7041558,176,0
add-m,4,10000,80000,17549367,219,0
add-m,8,10000,160000,36219911,226,0
add-m,12,10000,240000,52801012,220,0
add-c,1,10000,20000,3649730,182,0
add-c,2,10000,40000,5140214,128,0
add-c,4,10000,80000,8857336,110,0
add-c,8,10000,160000,16658990,104,0
add-c,12,10000,240000,23104221,96,0
add-s,1,10000,20000,3530588,176,0
add-s,2,10000,40000,20767743,519,0
add-s,4,10000,80000,63338438,791,0
add-s,8,10000,160000,182732110,1142,0
add-s,12,10000,240000,296235250,1234,0
add-none,2,100,400,3288593,8221,0
add-none,2,1000,4000,3345528,836,0
add-none,2,10000,40000,4046923,101,-882
add-none,2,100000,400000,10872320,27,-26303
add-none,4,100,800,3345961,4182,0
add-none,4,1000,8000,3362019,420,0
add-none,4,10000,80000,4693367,58,-1228
add-none,4,100000,800000,18489331,23,-16200
add-none,8,100,1600,3483786,2177,98
add-none,8,1000,16000,3512638,219,0
add-none,8,10000,160000,6427065,40,3889
add-none,8,100000,1600000,33725179,21,-49612
add-none,12,100,2400,3652387,1521,0
add-none,12,1000,24000,3623293,150,-690
add-none,12,10000,240000,8235471,34,-6249
add-none,12,100000,2400000,-950620179,-396,-45140
add-yield-none,2,10,40,3312854,82821,0
add-yield-none,4,10,80,3342339,41779,10
add-yield-none,8,10,160,3496810,21855,0
add-yield-none,12,10,240,3609566,15039,23
add-yield-none,2,20,80,3322719,41533,0
add-yield-none,4,20,160,3386901,21168,28
add-yield-none,8,20,320,3504637,10951,36
add-yield-none,12,20,480,3644646,7593,96
add-yield-none,2,40,160,3389336,21183,3
add-yield-none,4,40,320,3398293,10619,10
add-yield-none,8,40,640,3490391,5453,73
add-yield-none,12,40,960,3590786,3740,153
add-yield-none,2,80,320,3426990,10709,18
add-yield-none,4,80,640,3492512,5457,61
add-yield-none,8,80,1280,3606471,2817,148
add-yield-none,12,80,1920,3668128,1910,113
add-yield-none,2,100,400,3474843,8687,42
add-yield-none,4,100,800,3530652,4413,81
add-yield-none,8,100,1600,3592190,2245,106
add-yield-none,12,100,2400,3717804,1549,68
add-yield-none,2,1000,4000,5141892,1285,29
add-yield-none,4,1000,8000,5228631,653,63
add-yield-none,8,1000,16000,5797716,362,-304
add-yield-none,12,1000,24000,5882981,245,207
add-yield-none,2,10000,40000,21334445,533,13
add-yield-none,4,10000,80000,22690901,283,70
add-yield-none,8,10000,160000,25115366,156,-1183
add-yield-none,12,10000,240000,28607280,119,-791
add-yield-none,2,100000,400000,198251158,495,-105
add-yield-none,4,100000,800000,193985241,242,-6194
add-yield-none,8,100000,1600000,209399803,130,-6275
add-yield-none,12,100000,2400000,-742530950,-309,-10269
add-none,1,100,200,3310355,16551,0
add-none,1,1000,2000,3292822,1646,0
add-none,1,10000,20000,3427099,171,0
add-none,1,100000,200000,4929529,24,0
add-none,1,1000000,2000000,19579032,9,0
add-none,2,100,400,3305705,8264,0
add-none,2,1000,4000,3324540,831,0
add-none,2,10000,40000,4087813,102,-1637
add-none,2,100000,400000,6830862,17,-6111
add-none,2,1000000,4000000,66807334,16,-65041
add-none,4,100,800,3388197,4235,43
add-none,4,1000,8000,3449246,431,0
add-none,4,10000,80000,4734254,59,-2345
add-none,4,100000,800000,19484243,24,-32327
add-none,4,1000000,8000000,133237578,16,-199469
add-yield-none,1,100,200,3452044,17260,0
add-yield-none,1,1000,2000,5096979,2548,0
add-yield-none,1,10000,20000,19964703,998,0
add-yield-none,1,100000,200000,175991729,879,0
add-yield-none,1,1000000,2000000,-206453996,-103,0
add-yield-none,2,100,400,3498221,8745,21
add-yield-none,2,1000,4000,5298452,1324,0
add-yield-none,2,10000,40000,22051551,551,199
add-yield-none,2,100000,400000,195160307,487,-1645
add-yield-none,2,1000000,4000000,-93691106,-23,-9040
add-yield-none,4,100,800,3574238,4467,71
add-yield-none,4,1000,8000,5282802,660,91
add-yield-none,4,10000,80000,22958875,286,-146
add-yield-none,4,100000,800000,199746389,249,-5287
add-yield-none,4,1000000,8000000,-67937490,-8,-25250
add-yield-m,2,10000,40000,66205621,1655,0
add-yield-m,4,10000,80000,131941257,1649,0
add-yield-m,8,10000,160000,-723394331,-4521,0
add-yield-m,12,10000,240000,405101456,1687,0
add-yield-c,2,10000,40000,5084477,127,0
add-yield-c,4,10000,80000,10961373,137,0
add-yield-c,8,10000,160000,16609896,103,0
add-yield-c,12,10000,240000,22257010,92,0
add-yield-s,2,10000,40000,38270632,956,0
add-yield-s,4,10000,80000,113565515,1419,0
add-yield-s,8,1000,16000,25998865,1624,0
add-yield-s,12,1000,24000,58504558,2437,0
add-m,1,10000,20000,3876655,193,0
add-m,2,10000,40000,6889569,172,0
add-m,4,10000,80000,14611074,182,0
add-m,8,10000,160000,32386194,202,0
add-m,12,10000,240000,53786854,224,0
add-c,1,10000,20000,3639578,181,0
add-c,2,10000,40000,6478869,161,0
add-c,4,10000,80000,9442610,118,0
add-c,8,10000,160000,17202659,107,0
add-c,12,10000,240000,29182148,121,0
add-s,1,10000,20000,3539759,176,0
add-s,2,10000,40000,6558355,163,0
add-s,4,10000,80000,34673323,433,0
add-s,8,10000,160000,-823746469,-5148,0
add-s,12,10000,240000,343591357,1431,0
add-none,2,100,400,3134179,7835,0
add-none,2,1000,4000,3134179,783,-466
add-none,2,10000,40000,3134179,78,3424
add-none,2,100000,400000,3134179,7,-6116
add-none,4,100,800,3134179,3917,95
add-none,4,1000,8000,3134179,391,947
add-none,4,10000,80000,3134179,39,-771
add-none,4,100000,800000,3134179,3,-31069
add-none,8,100,1600,3134179,1958,0
add-none,8,1000,16000,3134179,195,-16
add-none,8,10000,160000,3134179,19,2017
add-none,8,100000,1600000,3134179,1,-34824
add-none,12,100,2400,3134179,1305,0
add-none,12,1000,24000,3134179,130,901
add-none,12,10000,240000,3134179,13,1127
add-none,12,100000,2400000,3134179,1,-15402
add-yield-none,2,10,40,3134179,78354,9
add-yield-none,4,10,80,3134179,39177,19
add-yield-none,8,10,160,3134179,19588,21
add-yield-none,12,10,240,3134179,13059,14
add-yield-none,2,20,80,3134179,39177,9
add-yield-none,4,20,160,3134179,19588,29
add-yield-none,8,20,320,3134179,9794,62
add-yield-none,12,20,480,3134179,6529,102
add-yield-none,2,40,160,3134179,19588,37
add-yield-none,4,40,320,3134179,9794,46
add-yield-none,8,40,640,3134179,4897,89
add-yield-none,12,40,960,3134179,3264,125
add-yield-none,2,80,320,3134179,9794,6
add-yield-none,4,80,640,3134179,4897,16
add-yield-none,8,80,1280,3134179,2448,128
add-yield-none,12,80,1920,3134179,1632,106
add-yield-none,2,100,400,3134179,7835,6
add-yield-none,4,100,800,3134179,3917,47
add-yield-none,8,100,1600,3134179,1958,135
add-yield-none,12,100,2400,3134179,1305,97
add-yield-none,2,1000,4000,3134179,783,-12
add-yield-none,4,1000,8000,3134179,391,0
add-yield-none,8,1000,16000,3134179,195,95
add-yield-none,12,1000,24000,3134179,130,147
add-yield-none,2,10000,40000,3134179,78,44
add-yield-none,4,10000,80000,3134179,39,217
add-yield-none,8,10000,160000,3134179,19,-9
add-yield-none,12,10000,240000,3134179,13,17
add-yield-none,2,100000,400000,3134179,7,103
add-yield-none,4,100000,800000,3134179,3,-12850
add-yield-none,8,100000,1600000,3134179,1,0
add-yield-none,12,100000,2400000,3134180,1,-5545
add-none,1,100,200,3134180,15670,0
add-none,1,1000,2000,3134180,1567,0
add-none,1,10000,20000,3134180,156,0
add-none,1,100000,200000,3134180,15,0
add-none,1,1000000,2000000,3134180,1,0
add-none,2,100,400,3134180,7835,0
add-none,2,1000,4000,3134180,783,0
add-none,2,10000,40000,3134180,78,3009
add-none,2,100000,400000,3134180,7,-5001
add-none,2,1000000,4000000,3134180,0,-65326
add-none,4,100,800,3134180,3917,0
add-none,4,1000,8000,3134180,391,173
add-none,4,10000,80000,3134180,39,-466
add-none,4,100000,800000,3134180,3,-43318
add-none,4,1000000,8000000,3134180,0,-158531
add-yield-none,1,100,200,3134180,15670,0
add-yield-none,1,1000,2000,3134180,1567,0
add-yield-none,1,10000,20000,3134180,156,0
add-yield-none,1,100000,200000,3134180,15,0
add-yield-none,1,1000000,2000000,3134180,1,0
add-yield-none,2,100,400,3134182,7835,0
add-yield-none,2,1000,4000,3134182,783,27
add-yield-none,2,10000,40000,3134182,78,-38
add-yield-none,2,100000,400000,3134182,7,333
add-yield-none,2,1000000,4000000,3134182,0,4684
add-yield-none,4,100,800,3134184,3917,60
add-yield-none,4,1000,8000,3134184,391,76
add-yield-none,4,10000,80000,3134184,39,49
add-yield-none,4,100000,800000,3134184,3,954
add-yield-none,4,1000000,8000000,3134184,0,-45108
add-yield-m,2,10000,40000,3134186,78,0
add-yield-m,4,10000,80000,3134186,39,0
add-yield-m,8,10000,160000,3134186,19,0
add-yield-m,12,10000,240000,3134187,13,0
add-yield-c,2,10000,40000,3134187,78,0
add-yield-c,4,10000,80000,3134187,39,0
add-yield-c,8,10000,160000,3134187,19,0
add-yield-c,12,10000,240000,3134187,13,0
add-yield-s,2,10000,40000,3134187,78,0
add-yield-s,4,10000,80000,3134187,39,0
add-yield-s,8,1000,16000,3134187,195,0
add-yield-s,12,1000,24000,3134187,130,0
add-m,1,10000,20000,3134187,156,0
add-m,2,10000,40000,3134187,78,0
add-m,4,10000,80000,3134187,39,0
add-m,8,10000,160000,3134187,19,0
add-m,12,10000,240000,3134187,13,0
add-c,1,10000,20000,3134187,156,0
add-c,2,10000,40000,3134187,78,0
add-c,4,10000,80000,3134187,39,0
add-c,8,10000,160000,3134187,19,0
add-c,12,10000,240000,3134187,13,0
add-s,1,10000,20000,3134187,156,0
add-s,2,10000,40000,3134187,78,0
add-s,4,10000,80000,3134187,39,0
add-s,8,10000,160000,3134187,19,0
add-s,12,10000,240000,3134188,13,0
add-none,2,100,400,3134197,7835,0
add-none,2,1000,4000,3134197,783,0
add-none,2,10000,40000,3134197,78,1313
add-none,2,100000,400000,3134197,7,-24516
add-none,4,100,800,3134197,3917,0
add-none,4,1000,8000,3134197,391,464
add-none,4,10000,80000,3134197,39,-1816
add-none,4,100000,800000,3134197,3,-45089
add-none,8,100,1600,3134197,1958,0
add-none,8,1000,16000,3134197,195,-356
add-none,8,10000,160000,3134197,19,-1888
add-none,8,100000,1600000,3134197,1,-42109
add-none,12,100,2400,3134197,1305,0
add-none,12,1000,24000,3134197,130,-344
add-none,12,10000,240000,3134197,13,-1708
add-none,12,100000,2400000,3134197,1,-23688
add-yield-none,2,10,40,3134198,78354,7
add-yield-none,4,10,80,3134198,39177,4
add-yield-none,8,10,160,3134198,19588,5
add-yield-none,12,10,240,3134198,13059,14
add-yield-none,2,20,80,3134198,39177,0
add-yield-none,4,20,160,3134198,19588,21
add-yield-none,8,20,320,3134198,9794,15
add-yield-none,12,20,480,3134198,6529,68
add-yield-none,2,40,160,3134198,19588,13
add-yield-none,4,40,320,3134198,9794,30
add-yield-none,8,40,640,3134198,4897,25
add-yield-none,12,40,960,3134198,3264,112
add-yield-none,2,80,320,3134198,9794,12
add-yield-none,4,80,640,3134198,4897,27
add-yield-none,8,80,1280,3134198,2448,66
add-yield-none,12,80,1920,3134198,1632,178
add-yield-none,2,100,400,3134198,7835,30
add-yield-none,4,100,800,3134198,3917,29
add-yield-none,8,100,1600,3134198,1958,108
add-yield-none,12,100,2400,3134198,1305,146
add-yield-none,2,1000,4000,3134198,783,59
add-yield-none,4,1000,8000,3134198,391,29
add-yield-none,8,1000,16000,3134198,195,139
add-yield-none,12,1000,24000,3134198,130,163
add-yield-none,2,10000,40000,3134198,78,8
add-yield-none,4,10000,80000,3134198,39,0
add-yield-none,8,10000,160000,3134198,19,89
add-yield-none,12,10000,240000,3134198,13,-178
add-yield-none,2,100000,400000,3134198,7,14
add-yield-none,4,100000,800000,3134198,3,-1220
add-yield-none,8,100000,1600000,3134198,1,-6742
add-yield-none,12,100000,2400000,3134198,1,-1699
add-none,1,100,200,3134199,15670,0
add-none,1,1000,2000,3134199,1567,0
add-none,1,10000,20000,3134199,156,0
add-none,1,100000,200000,3134199,15,0
add-none,1,1000000,2000000,3134199,1,0
add-none,2,100,400,3134199,7835,0
add-none,2,1000,4000,3134199,783,65
add-none,2,10000,40000,3134199,78,-4211
add-none,2,100000,400000,3134199,7,-25735
add-none,2,1000000,4000000,3134199,0,-112072
add-none,4,100,800,3134199,3917,0
add-none,4,1000,8000,3134199,391,43
add-none,4,10000,80000,3134199,39,-443
add-none,4,100000,800000,3134199,3,-27318
add-none,4,1000000,8000000,3134199,0,-431602
add-yield-none,1,100,200,3134199,15670,0
add-yield-none,1,1000,2000,3134199,1567,0
add-yield-none,1,10000,20000,3134199,156,0
add-yield-none,1,100000,200000,3134199,15,0
add-yield-none,1,1000000,2000000,3134199,1,0
add-yield-none,2,100,400,3134200,7835,20
add-yield-none,2,1000,4000,3134201,783,-3
add-yield-none,2,10000,40000,3134201,78,34
add-yield-none,2,100000,400000,3134201,7,-27
add-yield-none,2,1000000,4000000,3134201,0,-9683
add-yield-none,4,100,800,3134203,3917,78
add-yield-none,4,1000,8000,3134203,391,0
add-yield-none,4,10000,80000,3134203,39,-785
add-yield-none,4,100000,800000,3134203,3,-2891
add-yield-none,4,1000000,8000000,3134203,0,-49987
add-yield-m,2,10000,40000,3134205,78,0
add-yield-m,4,10000,80000,3134205,39,0
add-yield-m,8,10000,160000,3134205,19,0
add-yield-m,12,10000,240000,3134205,13,0
add-yield-c,2,10000,40000,3134206,78,0
add-yield-c,4,10000,80000,3134206,39,0
add-yield-c,8,10000,160000,3134206,19,0
add-yield-c,12,10000,240000,3134206,13,0
add-yield-s,2,10000,40000,3134206,78,0
add-yield-s,4,10000,80000,3134206,39,0
add-yield-s,8,1000,16000,3134206,195,0
add-yield-s,12,1000,24000,3134206,130,0
add-m,1,10000,20000,3134206,156,0
add-m,2,10000,40000,3134206,78,0
add-m,4,10000,80000,3134206,39,0
add-m,8,10000,160000,3134206,19,0
add-m,12,10000,240000,3134206,13,0
add-c,1,10000,20000,3134206,156,0
add-c,2,10000,40000,3134206,78,0
add-c,4,10000,80000,3134206,39,0
add-c,8,10000,160000,3134206,19,0
add-c,12,10000,240000,3134206,13,0
add-s,1,10000,20000,3134206,156,0
add-s,2,10000,40000,3134206,78,0
add-s,4,10000,80000,3134206,39,0
add-s,8,10000,160000,3134206,19,0
add-s,12,10000,240000,3134206,13,0
add-none,2,100,400,3134538,7836,0
add-none,2,1000,4000,3134538,783,0
add-none,2,10000,40000,3134538,78,390
add-none,2,100000,400000,3134538,7,-15927
add-none,4,100,800,3134538,3918,0
add-none,4,1000,8000,3134538,391,55
add-none,4,10000,80000,3134538,39,-2049
add-none,4,100000,800000,3134538,3,-49183
add-none,8,100,1600,3134538,1959,0
add-none,8,1000,16000,3134538,195,-305
add-none,8,10000,160000,3134538,19,1320
add-none,8,100000,1600000,3134538,1,-29727
add-none,12,100,2400,3134538,1306,0
add-none,12,1000,24000,3134538,130,1021
add-none,12,10000,240000,3134538,13,2926
add-none,12,100000,2400000,3134538,1,-23610
add-yield-none,2,10,40,3134538,78363,1
add-yield-none,4,10,80,3134538,39181,4
add-yield-none,8,10,160,3134538,19590,20
add-yield-none,12,10,240,3134538,13060,9
add-yield-none,2,20,80,3134538,39181,0
add-yield-none,4,20,160,3134538,19590,7
add-yield-none,8,20,320,3134538,9795,43
add-yield-none,12,20,480,3134538,6530,62
add-yield-none,2,40,160,3134538,19590,28
add-yield-none,4,40,320,3134538,9795,53
add-yield-none,8,40,640,3134538,4897,84
add-yield-none,12,40,960,3134538,3265,80
add-yield-none,2,80,320,3134538,9795,43
add-yield-none,4,80,640,3134538,4897,53
add-yield-none,8,80,1280,3134538,2448,58
add-yield-none,12,80,1920,3134538,1632,94
add-yield-none,2,100,400,3134538,7836,20
add-yield-none,4,100,800,3134538,3918,65
add-yield-none,8,100,1600,3134538,1959,142
add-yield-none,12,100,2400,3134538,1306,100
add-yield-none,2,1000,4000,3134538,783,21
add-yield-none,4,1000,8000,3134538,391,47
add-yield-none,8,1000,16000,3134538,195,111
add-yield-none,12,1000,24000,3134538,130,143
add-yield-none,2,10000,40000,3134538,78,-710
add-yield-none,4,10000,80000,3134538,39,-615
add-yield-none,8,10000,160000,3134538,19,0
add-yield-none,12,10000,240000,3134538,13,247
add-yield-none,2,100000,400000,3134538,7,-1597
add-yield-none,4,100000,800000,3134538,3,-4734
add-yield-none,8,100000,1600000,3134538,1,-4960
add-yield-none,12,100000,2400000,3134539,1,503
add-none,1,100,200,3134539,15672,0
add-none,1,1000,2000,3134539,1567,0
add-none,1,10000,20000,3134539,156,0
add-none,1,100000,200000,3134539,15,0
add-none,1,1000000,2000000,3134539,1,0
add-none,2,100,400,3134539,7836,0
add-none,2,1000,4000,3134539,783,0
add-none,2,10000,40000,3134539,78,5
add-none,2,100000,400000,3134539,7,-17771
add-none,2,1000000,4000000,3134539,0,-159193
add-none,4,100,800,3134539,3918,0
add-none,4,1000,8000,3134539,391,-234
add-none,4,10000,80000,3134539,39,-1605
add-none,4,100000,800000,3134539,3,-37774
add-none,4,1000000,8000000,3134539,0,-226010
add-yield-none,1,100,200,3134539,15672,0
add-yield-none,1,1000,2000,3134539,1567,0
add-yield-none,1,10000,20000,3134539,156,0
add-yield-none,1,100000,200000,3134539,15,0
add-yield-none,1,1000000,2000000,3134539,1,0
add-yield-none,2,100,400,3134541,7836,0
add-yield-none,2,1000,4000,3134541,783,0
add-yield-none,2,10000,40000,3134541,78,0
add-yield-none,2,100000,400000,3134541,7,-8315
add-yield-none,2,1000000,4000000,3134541,0,4082
add-yield-none,4,100,800,3134543,3918,82
add-yield-none,4,1000,8000,3134543,391,0
add-yield-none,4,10000,80000,3134543,39,-571
add-yield-none,4,100000,800000,3134543,3,-11208
add-yield-none,4,1000000,8000000,3134543,0,-57694
add-yield-m,2,10000,40000,3134545,78,0
add-yield-m,4,10000,80000,3134545,39,0
add-yield-m,8,10000,160000,3134545,19,0
add-yield-m,12,10000,240000,3134545,13,0
add-yield-c,2,10000,40000,3134546,78,0
add-yield-c,4,10000,80000,3134546,39,0
add-yield-c,8,10000,160000,3134546,19,0
add-yield-c,12,10000,240000,3134546,13,0
add-yield-s,2,10000,40000,3134546,78,0
add-yield-s,4,10000,80000,3134546,39,0
add-yield-s,8,1000,16000,3134546,195,0
add-yield-s,12,1000,24000,3134546,130,0
add-m,1,10000,20000,3134546,156,0
add-m,2,10000,40000,3134546,78,0
add-m,4,10000,80000,3134546,39,0
add-m,8,10000,160000,3134546,19,0
add-m,12,10000,240000,3134546,13,0
add-c,1,10000,20000,3134546,156,0
add-c,2,10000,40000,3134546,78,0
add-c,4,10000,80000,3134546,39,0
add-c,8,10000,160000,3134546,19,0
add-c,12,10000,240000,3134546,13,0
add-s,1,10000,20000,3134546,156,0
add-s,2,10000,40000,3134546,78,0
add-s,4,10000,80000,3134546,39,0
add-s,8,10000,160000,3134546,19,0
add-s,12,10000,240000,3134546,13,0
add-none,2,100,400,3135262,7838,0
add-none,2,1000,4000,3135262,783,0
add-none,2,10000,40000,3135262,78,-10
add-none,2,100000,400000,3135262,7,-15238
add-none,4,100,800,3135262,3919,0
add-none,4,1000,8000,3135262,391,86
add-none,4,10000,80000,3135262,39,-2759
add-none,4,100000,800000,3135262,3,-39461
add-none,8,100,1600,3135262,1959,0
add-none,8,1000,16000,3135262,195,649
add-none,8,10000,160000,3135262,19,-293
add-none,8,100000,1600000,3135262,1,-108917
add-none,12,100,2400,3135262,1306,0
add-none,12,1000,24000,3135262,130,50
add-none,12,10000,240000,3135262,13,-6461
add-none,12,100000,2400000,3135262,1,-95698
add-yield-none,2,10,40,3135262,78381,0
add-yield-none,4,10,80,3135262,39190,0
add-yield-none,8,10,160,3135262,19595,32
add-yield-none,12,10,240,3135262,13063,16
add-yield-none,2,20,80,3135262,39190,0
add-yield-none,4,20,160,3135262,19595,11
add-yield-none,8,20,320,3135262,9797,111
add-yield-none,12,20,480,3135262,6531,117
add-yield-none,2,40,160,3135262,19595,21
add-yield-none,4,40,320,3135262,9797,71
add-yield-none,8,40,640,3135262,4898,38
add-yield-none,12,40,960,3135262,3265,130
add-yield-none,2,80,320,3135262,9797,26
add-yield-none,4,80,640,3135262,4898,48
add-yield-none,8,80,1280,3135262,2449,96
add-yield-none,12,80,1920,3135262,1632,139
add-yield-none,2,100,400,3135262,7838,41
add-yield-none,4,100,800,3135262,3919,48
add-yield-none,8,100,1600,3135262,1959,129
add-yield-none,12,100,2400,3135262,1306,96
add-yield-none,2,1000,4000,3135262,783,-11
add-yield-none,4,1000,8000,3135262,391,22
add-yield-none,8,1000,16000,3135262,195,-390
add-yield-none,12,1000,24000,3135262,130,29
add-yield-none,2,10000,40000,3135262,78,26
add-yield-none,4,10000,80000,3135262,39,-4033
add-yield-none,8,10000,160000,3135262,19,1214
add-yield-none,12,10000,240000,3135262,13,353
add-yield-none,2,100000,400000,3135262,7,15
add-yield-none,4,100000,800000,3135262,3,998
add-yield-none,8,100000,1600000,3135262,1,-8482
add-yield-none,12,100000,2400000,3135263,1,-9144
add-none,1,100,200,3135263,15676,0
add-none,1,1000,2000,3135263,1567,0
add-none,1,10000,20000,3135263,156,0
add-none,1,100000,200000,3135263,15,0
add-none,1,1000000,2000000,3135263,1,0
add-none,2,100,400,3135263,7838,0
add-none,2,1000,4000,3135263,783,249
add-none,2,10000,40000,3135263,78,2930
add-none,2,100000,400000,3135263,7,-12251
add-none,2,1000000,4000000,3135263,0,-212952
add-none,4,100,800,3135263,3919,0
add-none,4,1000,8000,3135263,391,-25
add-none,4,10000,80000,3135263,39,942
add-none,4,100000,800000,3135263,3,-24897
add-none,4,1000000,8000000,3135263,0,-67127
add-yield-none,1,100,200,3135263,15676,0
add-yield-none,1,1000,2000,3135263,1567,0
add-yield-none,1,10000,20000,3135263,156,0
add-yield-none,1,100000,200000,3135263,15,0
add-yield-none,1,1000000,2000000,3135263,1,0
add-yield-none,2,100,400,3135265,7838,20
add-yield-none,2,1000,4000,3135265,783,0
add-yield-none,2,10000,40000,3135265,78,-56
add-yield-none,2,100000,400000,3135265,7,-62709
add-yield-none,2,1000000,4000000,3135265,0,68141
add-yield-none,4,100,800,3135268,3919,40
add-yield-none,4,1000,8000,3135268,391,52
add-yield-none,4,10000,80000,3135268,39,-84
add-yield-none,4,100000,800000,3135268,3,0
add-yield-none,4,1000000,8000000,3135268,0,-2898
add-yield-m,2,10000,40000,3135270,78,0
add-yield-m,4,10000,80000,3135270,39,0
add-yield-m,8,10000,160000,3135270,19,0
add-yield-m,12,10000,240000,3135270,13,0
add-yield-c,2,10000,40000,3135271,78,0
add-yield-c,4,10000,80000,3135271,39,0
add-yield-c,8,10000,160000,3135271,19,0
add-yield-c,12,10000,240000,3135271,13,0
add-yield-s,2,10000,40000,3135271,78,0
add-yield-s,4,10000,80000,3135271,39,0
add-yield-s,8,1000,16000,3135271,195,0
add-yield-s,12,1000,24000,3135271,130,0
add-m,1,10000,20000,3135271,156,0
add-m,2,10000,40000,3135271,78,0
add-m,4,10000,80000,3135271,39,0
add-m,8,10000,160000,3135271,19,0
add-m,12,10000,240000,3135271,13,0
add-c,1,10000,20000,3135271,156,0
add-c,2,10000,40000,3135271,78,0
add-c,4,10000,80000,3135271,39,0
add-c,8,10000,160000,3135271,19,0
add-c,12,10000,240000,3135271,13,0
add-s,1,10000,20000,3135271,156,0
add-s,2,10000,40000,3135271,78,0
add-s,4,10000,80000,3135271,39,0
add-s,8,10000,160000,3135271,19,0
add-s,12,10000,240000,3135271,13,0
add-none,2,100,400,3136370,7840,0
add-none,2,1000,4000,3136370,784,-554
add-none,2,10000,40000,3136370,78,689
add-none,2,100000,400000,3136370,7,-21365
add-none,4,100,800,3136370,3920,0
add-none,4,1000,8000,3136370,392,20
add-none,4,10000,80000,3136370,39,2422
add-none,4,100000,800000,3136370,3,-29895
add-none,8,100,1600,3136370,1960,0
add-none,8,1000,16000,3136370,196,226
add-none,8,10000,160000,3136370,19,121
add-none,8,100000,1600000,3136370,1,-28582
add-none,12,100,2400,3136370,1306,0
add-none,12,1000,24000,3136370,130,-663
add-none,12,10000,240000,3136370,13,14
add-none,12,100000,2400000,3136370,1,-17131
add-yield-none,2,10,40,3136370,78409,0
add-yield-none,4,10,80,3136370,39204,5
add-yield-none,8,10,160,3136370,19602,18
add-yield-none,12,10,240,3136370,13068,15
add-yield-none,2,20,80,3136370,39204,0
add-yield-none,4,20,160,3136370,19602,31
add-yield-none,8,20,320,3136370,9801,38
add-yield-none,12,20,480,3136370,6534,76
add-yield-none,2,40,160,3136370,19602,10
add-yield-none,4,40,320,3136370,9801,65
add-yield-none,8,40,640,3136370,4900,97
add-yield-none,12,40,960,3136370,3267,154
add-yield-none,2,80,320,3136370,9801,70
add-yield-none,4,80,640,3136370,4900,84
add-yield-none,8,80,1280,3136370,2450,28
add-yield-none,12,80,1920,3136370,1633,130
add-yield-none,2,100,400,3136370,7840,21
add-yield-none,4,100,800,3136370,3920,53
add-yield-none,8,100,1600,3136370,1960,88
add-yield-none,12,100,2400,3136370,1306,131
add-yield-none,2,1000,4000,3136370,784,54
add-yield-none,4,1000,8000,3136370,392,56
add-yield-none,8,1000,16000,3136370,196,122
add-yield-none,12,1000,24000,3136370,130,180
add-yield-none,2,10000,40000,3136370,78,0
add-yield-none,4,10000,80000,3136370,39,63
add-yield-none,8,10000,160000,3136370,19,148
add-yield-none,12,10000,240000,3136370,13,186
add-yield-none,2,100000,400000,3136370,7,-832
add-yield-none,4,100000,800000,3136370,3,-5198
add-yield-none,8,100000,1600000,3136370,1,-7774
add-yield-none,12,100000,2400000,3136371,1,-11774
add-none,1,100,200,3136371,15681,0
add-none,1,1000,2000,3136371,1568,0
add-none,1,10000,20000,3136371,156,0
add-none,1,100000,200000,3136371,15,0
add-none,1,1000000,2000000,3136371,1,0
add-none,2,100,400,3136371,7840,0
add-none,2,1000,4000,3136371,784,0
add-none,2,10000,40000,3136371,78,-353
add-none,2,100000,400000,3136371,7,-14416
add-none,2,1000000,4000000,3136371,0,-100032
add-none,4,100,800,3136371,3920,0
add-none,4,1000,8000,3136371,392,75
add-none,4,10000,80000,3136371,39,-1717
add-none,4,100000,800000,3136371,3,-25506
add-none,4,1000000,8000000,3136371,0,-580449
add-yield-none,1,100,200,3136371,15681,0
add-yield-none,1,1000,2000,3136371,1568,0
add-yield-none,1,10000,20000,3136371,156,0
add-yield-none,1,100000,200000,3136371,15,0
add-yield-none,1,1000000,2000000,3136371,1,0
add-yield-none,2,100,400,3136373,7840,0
add-yield-none,2,1000,4000,3136373,784,14
add-yield-none,2,10000,40000,3136373,78,0
add-yield-none,2,100000,400000,3136373,7,-451
add-yield-none,2,1000000,4000000,3136373,0,-9093
add-yield-none,4,100,800,3136375,3920,84
add-yield-none,4,1000,8000,3136375,392,36
add-yield-none,4,10000,80000,3136375,39,-406
add-yield-none,4,100000,800000,3136375,3,-261
add-yield-none,4,1000000,8000000,3136375,0,-11340
add-yield-m,2,10000,40000,3136377,78,0
add-yield-m,4,10000,80000,3136377,39,0
add-yield-m,8,10000,160000,3136377,19,0
add-yield-m,12,10000,240000,3136377,13,0
add-yield-c,2,10000,40000,3136378,78,0
add-yield-c,4,10000,80000,3136378,39,0
add-yield-c,8,10000,160000,3136378,19,0
add-yield-c,12,10000,240000,3136378,13,0
add-yield-s,2,10000,40000,3136378,78,0
add-yield-s,4,10000,80000,3136378,39,0
add-yield-s,8,1000,16000,3136378,196,0
add-yield-s,12,1000,24000,3136378,130,0
add-m,1,10000,20000,3136378,156,0
add-m,2,10000,40000,3136378,78,0
add-m,4,10000,80000,3136378,39,0
add-m,8,10000,160000,3136378,19,0
add-m,12,10000,240000,3136378,13,0
add-c,1,10000,20000,3136378,156,0
add-c,2,10000,40000,3136378,78,0
add-c,4,10000,80000,3136378,39,0
add-c,8,10000,160000,3136378,19,0
add-c,12,10000,240000,3136378,13,0
add-s,1,10000,20000,3136378,156,0
add-s,2,10000,40000,3136378,78,0
add-s,4,10000,80000,3136378,39,0
add-s,8,10000,160000,3136378,19,0
add-s,12,10000,240000,3136378,13,0
